Row,B3_DATUM_B_LOC,B3_REF_OD,C1_LOC_INSIDE_PLN,C4_LOC_TOP_PLN,B3_THICK1_WALL,B3_THICK2_WALL,B3_THICK3_WALL,B3_THICK4_WALL,Layout,BuildDate,Powder,MeasureSeq,Nonconformity,RowID,ColID,PlateID
La1,0.4171,0.4476,0.0539,0.2659,0.0158,0.016,0.0149,0.0164,11X11TA,8/22/2019,Recycled,PreEDM,FALSE,1,1,L
La2,0.4164,0.4478,0.0534,0.2662,0.0168,0.0167,0.0152,0.0141,11X11TA,8/22/2019,Recycled,PreEDM,FALSE,1,2,L
La3,0.4173,0.4479,0.0541,0.2668,0.0151,0.0163,0.0155,0.0151,11X11TA,8/22/2019,Recycled,PreEDM,FALSE,1,3,L
La4,0.4172,0.4485,0.0531,0.2663,0.0155,0.0157,0.0183,0.0147,11X11TA,8/22/2019,Recycled,PreEDM,FALSE,1,4,L
La5,0.4175,0.4487,0.0541,0.2663,0.0153,0.0153,0.0156,0.0153,11X11TA,8/22/2019,Recycled,PreEDM,FALSE,1,5,L
La6,0.4178,0.4488,0.0534,0.2661,0.0155,0.0166,0.0164,0.0155,11X11TA,8/22/2019,Recycled,PreEDM,FALSE,1,6,L
La7,0.4176,0.4497,0.0536,0.266,0.016,0.017,0.0157,0.0154,11X11TA,8/22/2019,Recycled,PreEDM,FALSE,1,7,L
La8,0.4166,0.448,0.0529,0.2653,0.0148,0.0159,0.0164,0.0155,11X11TA,8/22/2019,Recycled,PreEDM,FALSE,1,8,L
La9,0.4172,0.4486,0.0526,0.2646,0.0165,0.0159,0.0159,0.0156,11X11TA,8/22/2019,Recycled,PreEDM,FALSE,1,9,L
La10,0.4163,0.4483,0.0519,0.2646,0.0152,0.0154,0.0152,0.0151,11X11TA,8/22/2019,Recycled,PreEDM,FALSE,1,10,L
La11,0.4161,0.448,0.0508,0.264,0.0157,0.0158,0.0148,0.0153,11X11TA,8/22/2019,Recycled,PreEDM,FALSE,1,11,L
Lb1,0.4169,0.4478,0.0535,0.2669,0.0148,0.0152,0.0148,0.0147,11X11TA,8/22/2019,Recycled,PreEDM,FALSE,2,1,L
Lb3,0.4179,0.4484,0.0535,0.2671,0.0148,0.0156,0.0156,0.0147,11X11TA,8/22/2019,Recycled,PreEDM,FALSE,2,3,L
Lb4,0.417,0.4486,0.0545,0.2671,0.0149,0.0144,0.0159,0.0158,11X11TA,8/22/2019,Recycled,PreEDM,FALSE,2,4,L
Lb5,0.4172,0.4489,0.0541,0.2668,0.0146,0.0151,0.0154,0.0155,11X11TA,8/22/2019,Recycled,PreEDM,FALSE,2,5,L
Lb7,0.4178,0.449,0.0538,0.2665,0.0159,0.0145,0.0158,0.0159,11X11TA,8/22/2019,Recycled,PreEDM,FALSE,2,7,L
Lb8,0.4177,0.4484,0.0534,0.2656,0.0163,0.016,0.0162,0.0157,11X11TA,8/22/2019,Recycled,PreEDM,FALSE,2,8,L
Lb9,0.417,0.4485,0.0523,0.2658,0.0158,0.0169,0.0154,0.0152,11X11TA,8/22/2019,Recycled,PreEDM,FALSE,2,9,L
Lb11,0.4173,0.4492,0.0511,0.2647,0.0156,0.0163,0.0167,0.0148,11X11TA,8/22/2019,Recycled,PreEDM,FALSE,2,11,L
Lc1,0.4178,0.4488,0.0539,0.2666,0.015,0.0143,0.0144,0.0153,11X11TA,8/22/2019,Recycled,PreEDM,FALSE,3,1,L
Lc2,0.4175,0.4482,0.0534,0.2668,0.0161,0.0154,0.0166,0.0161,11X11TA,8/22/2019,Recycled,PreEDM,FALSE,3,2,L
Lc3,0.4181,0.4491,0.0543,0.2669,0.0152,0.0153,0.0148,0.0152,11X11TA,8/22/2019,Recycled,PreEDM,FALSE,3,3,L
Lc4,0.4176,0.4479,0.0542,0.2674,0.0151,0.0144,0.0158,0.0164,11X11TA,8/22/2019,Recycled,PreEDM,FALSE,3,4,L
Lc5,0.4167,0.4479,0.0542,0.267,0.0156,0.0163,0.0152,0.0156,11X11TA,8/22/2019,Recycled,PreEDM,FALSE,3,5,L
Lc6,0.4175,0.448,0.0535,0.267,0.0153,0.0153,0.0148,0.0152,11X11TA,8/22/2019,Recycled,PreEDM,FALSE,3,6,L
Lc7,0.4178,0.4483,0.0535,0.2667,0.0154,0.0149,0.0158,0.0156,11X11TA,8/22/2019,Recycled,PreEDM,FALSE,3,7,L
Lc8,0.4172,0.4488,0.0533,0.2656,0.0154,0.015,0.0145,0.0164,11X11TA,8/22/2019,Recycled,PreEDM,FALSE,3,8,L
Lc9,0.4172,0.4488,0.0529,0.2657,0.0157,0.0165,0.0152,0.0153,11X11TA,8/22/2019,Recycled,PreEDM,FALSE,3,9,L
Lc10,0.4178,0.4487,0.052,0.2653,0.0154,0.0161,0.0148,0.0163,11X11TA,8/22/2019,Recycled,PreEDM,FALSE,3,10,L
Lc11,0.4175,0.4485,0.0509,0.2648,0.0153,0.0159,0.0158,0.0155,11X11TA,8/22/2019,Recycled,PreEDM,FALSE,3,11,L
Ld1,0.4172,0.4485,0.0534,0.2666,0.0147,0.0159,0.0148,0.0153,11X11TA,8/22/2019,Recycled,PreEDM,FALSE,4,1,L
Ld2,0.4175,0.4482,0.0534,0.2669,0.0159,0.0157,0.0153,0.0153,11X11TA,8/22/2019,Recycled,PreEDM,FALSE,4,2,L
Ld3,0.4172,0.4479,0.054,0.2667,0.0163,0.0157,0.0164,0.0152,11X11TA,8/22/2019,Recycled,PreEDM,FALSE,4,3,L
Ld4,0.4175,0.448,0.0542,0.2673,0.0148,0.0147,0.0167,0.016,11X11TA,8/22/2019,Recycled,PreEDM,FALSE,4,4,L
Ld5,0.4174,0.4484,0.0546,0.267,0.0143,0.0153,0.0145,0.0149,11X11TA,8/22/2019,Recycled,PreEDM,FALSE,4,5,L
Ld6,0.4179,0.448,0.054,0.2672,0.0149,0.0161,0.015,0.0156,11X11TA,8/22/2019,Recycled,PreEDM,FALSE,4,6,L
Ld7,0.417,0.4481,0.0534,0.2661,0.0156,0.0156,0.015,0.0148,11X11TA,8/22/2019,Recycled,PreEDM,FALSE,4,7,L
Ld8,0.4177,0.4483,0.0532,0.2664,0.0157,0.0157,0.0151,0.0164,11X11TA,8/22/2019,Recycled,PreEDM,FALSE,4,8,L
Ld9,0.4175,0.448,0.053,0.2663,0.0153,0.0161,0.0142,0.0152,11X11TA,8/22/2019,Recycled,PreEDM,FALSE,4,9,L
Ld10,0.4171,0.4481,0.0521,0.2655,0.0154,0.0157,0.0152,0.0167,11X11TA,8/22/2019,Recycled,PreEDM,FALSE,4,10,L
Ld11,0.4175,0.4484,0.0512,0.2658,0.0158,0.0152,0.0157,0.0162,11X11TA,8/22/2019,Recycled,PreEDM,FALSE,4,11,L
Le1,0.4181,0.4483,0.0534,0.2664,0.0156,0.016,0.0162,0.0147,11X11TA,8/22/2019,Recycled,PreEDM,FALSE,5,1,L
Le2,0.4175,0.4478,0.0539,0.2668,0.0151,0.0154,0.0151,0.0151,11X11TA,8/22/2019,Recycled,PreEDM,FALSE,5,2,L
Le3,0.4171,0.4485,0.0537,0.2671,0.0151,0.0162,0.0163,0.0157,11X11TA,8/22/2019,Recycled,PreEDM,FALSE,5,3,L
Le4,0.4174,0.4482,0.0539,0.2672,0.0149,0.0154,0.0143,0.0144,11X11TA,8/22/2019,Recycled,PreEDM,FALSE,5,4,L
Le5,0.4177,0.4481,0.054,0.267,0.0154,0.0147,0.0149,0.0156,11X11TA,8/22/2019,Recycled,PreEDM,FALSE,5,5,L
Le6,0.4166,0.4484,0.0542,0.2673,0.0153,0.0154,0.0157,0.0158,11X11TA,8/22/2019,Recycled,PreEDM,FALSE,5,6,L
Le7,0.418,0.448,0.0539,0.2669,0.0149,0.0151,0.0152,0.0149,11X11TA,8/22/2019,Recycled,PreEDM,FALSE,5,7,L
Le8,0.4178,0.4485,0.053,0.2667,0.015,0.0151,0.0154,0.0162,11X11TA,8/22/2019,Recycled,PreEDM,FALSE,5,8,L
Le9,0.4174,0.4478,0.0534,0.2662,0.015,0.016,0.0153,0.0165,11X11TA,8/22/2019,Recycled,PreEDM,FALSE,5,9,L
Le10,0.4172,0.4494,0.0527,0.2657,0.0156,0.0146,0.0158,0.0147,11X11TA,8/22/2019,Recycled,PreEDM,FALSE,5,10,L
Le11,0.4174,0.4481,0.0512,0.2654,0.0156,0.0151,0.0159,0.0152,11X11TA,8/22/2019,Recycled,PreEDM,FALSE,5,11,L
Lf1,0.4175,0.4482,0.0527,0.2671,0.0162,0.0152,0.0152,0.0165,11X11TA,8/22/2019,Recycled,PreEDM,FALSE,6,1,L
Lf3,0.4182,0.4484,0.054,0.2677,0.015,0.0157,0.0152,0.0164,11X11TA,8/22/2019,Recycled,PreEDM,FALSE,6,3,L
Lf4,0.4175,0.4486,0.0542,0.2668,0.0155,0.0161,0.0145,0.0166,11X11TA,8/22/2019,Recycled,PreEDM,FALSE,6,4,L
Lf5,0.4174,0.4481,0.0543,0.267,0.015,0.0146,0.0149,0.0151,11X11TA,8/22/2019,Recycled,PreEDM,FALSE,6,5,L
Lf7,0.4181,0.4491,0.0539,0.2669,0.015,0.0158,0.0152,0.0165,11X11TA,8/22/2019,Recycled,PreEDM,FALSE,6,7,L
Lf8,0.4175,0.4483,0.0537,0.2664,0.0157,0.0148,0.0155,0.016,11X11TA,8/22/2019,Recycled,PreEDM,FALSE,6,8,L
Lf9,0.418,0.4491,0.0521,0.2664,0.0157,0.0153,0.0152,0.0151,11X11TA,8/22/2019,Recycled,PreEDM,FALSE,6,9,L
Lf11,0.4179,0.449,0.0521,0.2654,0.0145,0.0167,0.0154,0.0166,11X11TA,8/22/2019,Recycled,PreEDM,FALSE,6,11,L
Lg1,0.4176,0.4479,0.0531,0.2671,0.0153,0.016,0.0156,0.0149,11X11TA,8/22/2019,Recycled,PreEDM,FALSE,7,1,L
Lg2,0.4174,0.4477,0.0534,0.2669,0.0152,0.0147,0.0147,0.0155,11X11TA,8/22/2019,Recycled,PreEDM,FALSE,7,2,L
Lg3,0.4177,0.4481,0.055,0.2665,0.0152,0.0156,0.0149,0.0149,11X11TA,8/22/2019,Recycled,PreEDM,FALSE,7,3,L
Lg4,0.4176,0.4491,0.0545,0.2671,0.0157,0.0145,0.016,0.0158,11X11TA,8/22/2019,Recycled,PreEDM,FALSE,7,4,L
Lg5,0.4175,0.4482,0.0549,0.2674,0.0156,0.0146,0.015,0.0149,11X11TA,8/22/2019,Recycled,PreEDM,FALSE,7,5,L
Lg6,0.4182,0.4492,0.0541,0.2671,0.016,0.0156,0.0146,0.0162,11X11TA,8/22/2019,Recycled,PreEDM,FALSE,7,6,L
Lg7,0.4176,0.4483,0.0545,0.2667,0.0159,0.0157,0.0148,0.0156,11X11TA,8/22/2019,Recycled,PreEDM,FALSE,7,7,L
Lg8,0.4174,0.4472,0.0533,0.2663,0.0151,0.0153,0.0162,0.0153,11X11TA,8/22/2019,Recycled,PreEDM,FALSE,7,8,L
Lg9,0.4175,0.4483,0.053,0.2662,0.0147,0.0159,0.015,0.0155,11X11TA,8/22/2019,Recycled,PreEDM,FALSE,7,9,L
Lg10,0.4172,0.4487,0.0525,0.2659,0.0151,0.0153,0.0148,0.0152,11X11TA,8/22/2019,Recycled,PreEDM,FALSE,7,10,L
Lg11,0.4177,0.4486,0.0518,0.2652,0.0149,0.0155,0.0151,0.0155,11X11TA,8/22/2019,Recycled,PreEDM,FALSE,7,11,L
Lh1,0.4181,0.449,0.0532,0.2668,0.0145,0.0161,0.0165,0.0148,11X11TA,8/22/2019,Recycled,PreEDM,FALSE,8,1,L
Lh2,0.4172,0.4486,0.0542,0.2673,0.0162,0.0164,0.0155,0.0161,11X11TA,8/22/2019,Recycled,PreEDM,FALSE,8,2,L
Lh3,0.417,0.4486,0.0542,0.2674,0.0156,0.0155,0.0155,0.0154,11X11TA,8/22/2019,Recycled,PreEDM,FALSE,8,3,L
Lh4,0.4169,0.4482,0.0543,0.2673,0.0153,0.0148,0.0158,0.0164,11X11TA,8/22/2019,Recycled,PreEDM,FALSE,8,4,L
Lh5,0.4176,0.4485,0.0546,0.2671,0.015,0.015,0.0149,0.0169,11X11TA,8/22/2019,Recycled,PreEDM,FALSE,8,5,L
Lh6,0.4177,0.4489,0.0546,0.2679,0.0156,0.0148,0.0146,0.0171,11X11TA,8/22/2019,Recycled,PreEDM,FALSE,8,6,L
Lh7,0.417,0.4495,0.0541,0.2671,0.0171,0.0154,0.015,0.0157,11X11TA,8/22/2019,Recycled,PreEDM,FALSE,8,7,L
Lh8,0.4166,0.4479,0.0534,0.267,0.0162,0.0152,0.0157,0.0168,11X11TA,8/22/2019,Recycled,PreEDM,FALSE,8,8,L
Lh9,0.4173,0.4486,0.0537,0.2659,0.0157,0.0155,0.0159,0.0158,11X11TA,8/22/2019,Recycled,PreEDM,FALSE,8,9,L
Lh10,0.417,0.4489,0.0521,0.2658,0.0168,0.0161,0.016,0.0156,11X11TA,8/22/2019,Recycled,PreEDM,FALSE,8,10,L
Lh11,0.4186,0.4497,0.0525,0.2657,0.0159,0.0154,0.0155,0.0168,11X11TA,8/22/2019,Recycled,PreEDM,FALSE,8,11,L
Li1,0.4172,0.4485,0.0538,0.2673,0.015,0.017,0.0155,0.0157,11X11TA,8/22/2019,Recycled,PreEDM,FALSE,9,1,L
Li2,0.4172,0.4489,0.0542,0.2669,0.0156,0.0157,0.0166,0.0159,11X11TA,8/22/2019,Recycled,PreEDM,FALSE,9,2,L
Li3,0.4176,0.4485,0.0547,0.267,0.0147,0.0149,0.0145,0.0161,11X11TA,8/22/2019,Recycled,PreEDM,FALSE,9,3,L
Li4,0.4169,0.4481,0.0545,0.2669,0.0157,0.0159,0.0155,0.0152,11X11TA,8/22/2019,Recycled,PreEDM,FALSE,9,4,L
Li5,0.4167,0.4482,0.0546,0.2669,0.0148,0.0155,0.016,0.0165,11X11TA,8/22/2019,Recycled,PreEDM,FALSE,9,5,L
Li6,0.4172,0.4486,0.0543,0.2674,0.0149,0.0154,0.0152,0.0155,11X11TA,8/22/2019,Recycled,PreEDM,FALSE,9,6,L
Li7,0.4166,0.4485,0.0542,0.2665,0.0148,0.0157,0.0158,0.0157,11X11TA,8/22/2019,Recycled,PreEDM,FALSE,9,7,L
Li8,0.4173,0.4487,0.0538,0.2669,0.0153,0.016,0.0155,0.0153,11X11TA,8/22/2019,Recycled,PreEDM,FALSE,9,8,L
Li9,0.4165,0.4489,0.0527,0.2658,0.0163,0.0162,0.0153,0.0156,11X11TA,8/22/2019,Recycled,PreEDM,FALSE,9,9,L
Li10,0.4172,0.449,0.0522,0.2657,0.0152,0.0153,0.015,0.0161,11X11TA,8/22/2019,Recycled,PreEDM,FALSE,9,10,L
Li11,0.4166,0.4489,0.0519,0.2656,0.0152,0.0162,0.0159,0.016,11X11TA,8/22/2019,Recycled,PreEDM,FALSE,9,11,L
LJ1,0.4169,0.4483,0.0533,0.2663,0.0157,0.0154,0.0167,0.0162,11X11TA,8/22/2019,Recycled,PreEDM,FALSE,10,1,L
LJ3,0.4169,0.4488,0.0547,0.2674,0.016,0.0159,0.016,0.016,11X11TA,8/22/2019,Recycled,PreEDM,FALSE,10,3,L
LJ4,0.4167,0.4482,0.0538,0.2667,0.0156,0.0153,0.0161,0.0167,11X11TA,8/22/2019,Recycled,PreEDM,FALSE,10,4,L
LJ5,0.4162,0.4477,0.0538,0.2671,0.0153,0.0154,0.0161,0.0162,11X11TA,8/22/2019,Recycled,PreEDM,FALSE,10,5,L
LJ7,0.4167,0.448,0.0549,0.2665,0.0164,0.0154,0.0152,0.0158,11X11TA,8/22/2019,Recycled,PreEDM,FALSE,10,7,L
LJ8,0.417,0.4487,0.0537,0.267,0.0162,0.0166,0.0154,0.0167,11X11TA,8/22/2019,Recycled,PreEDM,FALSE,10,8,L
LJ9,0.4172,0.4484,0.053,0.266,0.0152,0.0169,0.0162,0.0164,11X11TA,8/22/2019,Recycled,PreEDM,FALSE,10,9,L
LJ11,0.416,0.4496,0.0512,0.2651,0.0158,0.0162,0.0167,0.0158,11X11TA,8/22/2019,Recycled,PreEDM,FALSE,10,11,L
Lk1,0.4166,0.4488,0.054,0.2664,0.0167,0.0167,0.016,0.0165,11X11TA,8/22/2019,Recycled,PreEDM,FALSE,11,1,L
Lk2,0.4169,0.4492,0.0536,0.2664,0.0159,0.0157,0.0153,0.0168,11X11TA,8/22/2019,Recycled,PreEDM,FALSE,11,2,L
Lk3,0.417,0.4492,0.0535,0.2668,0.016,0.0155,0.0155,0.0166,11X11TA,8/22/2019,Recycled,PreEDM,FALSE,11,3,L
Lk4,0.4163,0.449,0.0542,0.2674,0.0157,0.016,0.0151,0.0166,11X11TA,8/22/2019,Recycled,PreEDM,FALSE,11,4,L
Lk5,0.4164,0.4482,0.0539,0.2674,0.0154,0.0164,0.0151,0.0157,11X11TA,8/22/2019,Recycled,PreEDM,FALSE,11,5,L
Lk6,0.4175,0.4488,0.0533,0.2675,0.0153,0.0166,0.0157,0.0166,11X11TA,8/22/2019,Recycled,PreEDM,FALSE,11,6,L
Lk7,0.4163,0.448,0.0534,0.2665,0.0158,0.0162,0.0153,0.0164,11X11TA,8/22/2019,Recycled,PreEDM,FALSE,11,7,L
Lk8,0.4167,0.4488,0.0524,0.2666,0.0155,0.0156,0.0154,0.0157,11X11TA,8/22/2019,Recycled,PreEDM,FALSE,11,8,L
Lk9,0.417,0.4497,0.0532,0.266,0.0154,0.0164,0.0154,0.0169,11X11TA,8/22/2019,Recycled,PreEDM,FALSE,11,9,L
Lk10,0.4169,0.449,0.0522,0.2655,0.0162,0.0162,0.0164,0.0165,11X11TA,8/22/2019,Recycled,PreEDM,FALSE,11,10,L
Lk11,0.4158,0.4474,0.052,0.2659,0.0158,0.0164,0.0156,0.017,11X11TA,8/22/2019,Recycled,PreEDM,FALSE,11,11,L
Ma1,0.4168,0.4485,0.0542,0.2674,0.0146,0.0165,0.0152,0.0173,11X11TA,8/23/2019,Recycled,PreEDM,FALSE,1,1,M
Ma2,0.416,0.4486,0.0541,0.2668,0.0158,0.0164,0.0155,0.0157,11X11TA,8/23/2019,Recycled,PreEDM,FALSE,1,2,M
Ma3,0.4167,0.4485,0.0546,0.2678,0.0159,0.0156,0.0162,0.0172,11X11TA,8/23/2019,Recycled,PreEDM,FALSE,1,3,M
Ma4,0.4171,0.4485,0.0547,0.2676,0.017,0.0165,0.0149,0.0157,11X11TA,8/23/2019,Recycled,PreEDM,FALSE,1,4,M
Ma5,0.4161,0.4489,0.0547,0.2664,0.0152,0.0161,0.016,0.0154,11X11TA,8/23/2019,Recycled,PreEDM,FALSE,1,5,M
Ma6,0.4167,0.4489,0.0545,0.2671,0.0154,0.0179,0.0174,0.0174,11X11TA,8/23/2019,Recycled,PreEDM,FALSE,1,6,M
Ma7,0.4172,0.4491,0.0539,0.2663,0.0155,0.0154,0.0153,0.0175,11X11TA,8/23/2019,Recycled,PreEDM,FALSE,1,7,M
Ma8,0.4162,0.4485,0.0546,0.266,0.0152,0.0164,0.0151,0.0163,11X11TA,8/23/2019,Recycled,PreEDM,FALSE,1,8,M
Ma9,0.4162,0.4492,0.0532,0.2654,0.0159,0.0177,0.0155,0.0166,11X11TA,8/23/2019,Recycled,PreEDM,FALSE,1,9,M
Ma10,0.416,0.4493,0.053,0.2655,0.0161,0.0169,0.0153,0.0162,11X11TA,8/23/2019,Recycled,PreEDM,FALSE,1,10,M
Ma11,0.4158,0.4479,0.053,0.2653,0.0163,0.017,0.0167,0.0159,11X11TA,8/23/2019,Recycled,PreEDM,TRUE,1,11,M
Mb1,0.4161,0.4483,0.0549,0.2683,0.0154,0.017,0.0154,0.0155,11X11TA,8/23/2019,Recycled,PreEDM,FALSE,2,1,M
Mb3,0.4168,0.4491,0.0552,0.2683,0.0164,0.0164,0.015,0.0162,11X11TA,8/23/2019,Recycled,PreEDM,FALSE,2,3,M
Mb4,0.4163,0.4481,0.0552,0.268,0.0171,0.016,0.0161,0.0166,11X11TA,8/23/2019,Recycled,PreEDM,FALSE,2,4,M
Mb5,0.4166,0.4487,0.0555,0.2677,0.0153,0.0158,0.017,0.0164,11X11TA,8/23/2019,Recycled,PreEDM,FALSE,2,5,M
Mb7,0.4173,0.4496,0.0553,0.268,0.0153,0.0156,0.016,0.0164,11X11TA,8/23/2019,Recycled,PreEDM,FALSE,2,7,M
Mb8,0.4167,0.4497,0.0542,0.2677,0.0157,0.0158,0.0161,0.0163,11X11TA,8/23/2019,Recycled,PreEDM,FALSE,2,8,M
Mb9,0.4166,0.4482,0.0543,0.2663,0.016,0.0158,0.0169,0.0167,11X11TA,8/23/2019,Recycled,PreEDM,FALSE,2,9,M
Mb11,0.4164,0.4495,0.0525,0.2656,0.0156,0.0154,0.0158,0.0172,11X11TA,8/23/2019,Recycled,PreEDM,FALSE,2,11,M
Mc1,0.4167,0.4491,0.0554,0.2673,0.0157,0.0148,0.0159,0.0158,11X11TA,8/23/2019,Recycled,PreEDM,FALSE,3,1,M
Mc2,0.4175,0.449,0.056,0.2683,0.0168,0.0154,0.016,0.0158,11X11TA,8/23/2019,Recycled,PreEDM,FALSE,3,2,M
Mc3,0.4173,0.4487,0.0554,0.2685,0.0153,0.0178,0.0161,0.0154,11X11TA,8/23/2019,Recycled,PreEDM,FALSE,3,3,M
Mc4,0.417,0.4495,0.0547,0.2681,0.015,0.017,0.0164,0.0159,11X11TA,8/23/2019,Recycled,PreEDM,FALSE,3,4,M
Mc5,0.4171,0.4487,0.0554,0.268,0.0158,0.0164,0.0163,0.0154,11X11TA,8/23/2019,Recycled,PreEDM,FALSE,3,5,M
Mc6,0.4171,0.449,0.0546,0.2676,0.0149,0.0156,0.0158,0.0153,11X11TA,8/23/2019,Recycled,PreEDM,FALSE,3,6,M
Mc7,0.4168,0.4494,0.0549,0.2672,0.0156,0.0158,0.0155,0.0154,11X11TA,8/23/2019,Recycled,PreEDM,FALSE,3,7,M
Mc8,0.4171,0.449,0.0544,0.2671,0.0162,0.0157,0.0156,0.0159,11X11TA,8/23/2019,Recycled,PreEDM,FALSE,3,8,M
Mc9,0.4163,0.449,0.054,0.2665,0.015,0.0172,0.0157,0.0163,11X11TA,8/23/2019,Recycled,PreEDM,FALSE,3,9,M
Mc10,0.417,0.4492,0.0532,0.2663,0.0162,0.0161,0.0166,0.0157,11X11TA,8/23/2019,Recycled,PreEDM,FALSE,3,10,M
Mc11,0.4169,0.4493,0.0525,0.2654,0.0165,0.0155,0.018,0.017,11X11TA,8/23/2019,Recycled,PreEDM,FALSE,3,11,M
Md1,0.4175,0.4478,0.0546,0.2675,0.0155,0.0167,0.0156,0.0148,11X11TA,8/23/2019,Recycled,PreEDM,FALSE,4,1,M
Md2,0.4174,0.4483,0.0551,0.268,0.0152,0.0161,0.0158,0.0151,11X11TA,8/23/2019,Recycled,PreEDM,FALSE,4,2,M
Md3,0.4164,0.4483,0.0547,0.2682,0.0162,0.0155,0.0155,0.0162,11X11TA,8/23/2019,Recycled,PreEDM,FALSE,4,3,M
Md4,0.4169,0.4482,0.0553,0.2685,0.0152,0.0155,0.0152,0.0157,11X11TA,8/23/2019,Recycled,PreEDM,FALSE,4,4,M
Md5,0.4167,0.448,0.0562,0.2686,0.016,0.0165,0.0148,0.0155,11X11TA,8/23/2019,Recycled,PreEDM,FALSE,4,5,M
Md6,0.4172,0.4491,0.0548,0.2677,0.0162,0.0153,0.0175,0.0163,11X11TA,8/23/2019,Recycled,PreEDM,FALSE,4,6,M
Md7,0.4168,0.4488,0.0553,0.2676,0.0162,0.0155,0.0151,0.0163,11X11TA,8/23/2019,Recycled,PreEDM,FALSE,4,7,M
Md8,0.4166,0.4489,0.0551,0.2671,0.0167,0.0158,0.0156,0.0164,11X11TA,8/23/2019,Recycled,PreEDM,FALSE,4,8,M
Md9,0.4167,0.4493,0.0544,0.2677,0.016,0.0166,0.0167,0.0162,11X11TA,8/23/2019,Recycled,PreEDM,FALSE,4,9,M
Md10,0.4164,0.4485,0.0539,0.2673,0.0159,0.0166,0.0165,0.0171,11X11TA,8/23/2019,Recycled,PreEDM,FALSE,4,10,M
Md11,0.4172,0.4487,0.0532,0.267,0.0162,0.0159,0.0156,0.0153,11X11TA,8/23/2019,Recycled,PreEDM,FALSE,4,11,M
Me1,0.418,0.4492,0.0551,0.2682,0.0149,0.0164,0.0163,0.015,11X11TA,8/23/2019,Recycled,PreEDM,FALSE,5,1,M
Me2,0.4169,0.4485,0.0551,0.2682,0.0155,0.0156,0.0159,0.0165,11X11TA,8/23/2019,Recycled,PreEDM,FALSE,5,2,M
Me3,0.4172,0.4489,0.056,0.2689,0.0157,0.0166,0.016,0.0146,11X11TA,8/23/2019,Recycled,PreEDM,FALSE,5,3,M
Me4,0.4174,0.4484,0.0561,0.2684,0.016,0.0158,0.0165,0.0168,11X11TA,8/23/2019,Recycled,PreEDM,FALSE,5,4,M
Me5,0.4172,0.4488,0.0576,0.2687,0.0156,0.0152,0.0166,0.0151,11X11TA,8/23/2019,Recycled,PreEDM,FALSE,5,5,M
Me6,0.417,0.4483,0.0554,0.269,0.0155,0.0182,0.0151,0.0166,11X11TA,8/23/2019,Recycled,PreEDM,FALSE,5,6,M
Me7,0.4168,0.4487,0.0553,0.2676,0.0155,0.0157,0.0148,0.0153,11X11TA,8/23/2019,Recycled,PreEDM,FALSE,5,7,M
Me8,0.4165,0.4486,0.0551,0.268,0.0156,0.0167,0.0147,0.0156,11X11TA,8/23/2019,Recycled,PreEDM,FALSE,5,8,M
Me9,0.417,0.4487,0.0543,0.2674,0.0155,0.0161,0.0155,0.0158,11X11TA,8/23/2019,Recycled,PreEDM,FALSE,5,9,M
Me10,0.4172,0.4494,0.0537,0.2674,0.0157,0.017,0.0161,0.0168,11X11TA,8/23/2019,Recycled,PreEDM,FALSE,5,10,M
Me11,0.4171,0.4493,0.0526,0.2661,0.016,0.0159,0.0202,0.0168,11X11TA,8/23/2019,Recycled,PreEDM,FALSE,5,11,M
Mf1,0.4171,0.4482,0.0548,0.2674,0.0152,0.0158,0.0154,0.0159,11X11TA,8/23/2019,Recycled,PreEDM,FALSE,6,1,M
Mf3,0.4176,0.4506,0.055,0.2679,0.0162,0.0159,0.0151,0.0159,11X11TA,8/23/2019,Recycled,PreEDM,FALSE,6,3,M
Mf4,0.4167,0.4488,0.0553,0.268,0.0149,0.0154,0.016,0.0171,11X11TA,8/23/2019,Recycled,PreEDM,FALSE,6,4,M
Mf5,0.4169,0.449,0.0552,0.2682,0.0157,0.0158,0.0155,0.0157,11X11TA,8/23/2019,Recycled,PreEDM,FALSE,6,5,M
Mf7,0.4174,0.449,0.0559,0.2676,0.0161,0.0159,0.0151,0.015,11X11TA,8/23/2019,Recycled,PreEDM,FALSE,6,7,M
Mf8,0.4162,0.4489,0.0543,0.2673,0.016,0.0167,0.0172,0.0167,11X11TA,8/23/2019,Recycled,PreEDM,FALSE,6,8,M
Mf9,0.4173,0.4502,0.0537,0.2672,0.0163,0.0155,0.0147,0.0166,11X11TA,8/23/2019,Recycled,PreEDM,FALSE,6,9,M
Mf11,0.417,0.4493,0.0524,0.266,0.0166,0.0152,0.0162,0.0166,11X11TA,8/23/2019,Recycled,PreEDM,FALSE,6,11,M
Mg1,0.4171,0.449,0.0546,0.268,0.0162,0.0155,0.0152,0.0162,11X11TA,8/23/2019,Recycled,PreEDM,FALSE,7,1,M
Mg2,0.417,0.4474,0.0551,0.2678,0.0151,0.0166,0.0153,0.0155,11X11TA,8/23/2019,Recycled,PreEDM,FALSE,7,2,M
Mg3,0.4174,0.4492,0.0556,0.2678,0.0158,0.015,0.017,0.0154,11X11TA,8/23/2019,Recycled,PreEDM,FALSE,7,3,M
Mg4,0.417,0.4487,0.0564,0.2681,0.0155,0.0157,0.0156,0.016,11X11TA,8/23/2019,Recycled,PreEDM,FALSE,7,4,M
Mg5,0.4177,0.4491,0.0556,0.2684,0.0159,0.0148,0.0154,0.0145,11X11TA,8/23/2019,Recycled,PreEDM,FALSE,7,5,M
Mg6,0.4183,0.4488,0.0551,0.2685,0.015,0.0161,0.0159,0.0153,11X11TA,8/23/2019,Recycled,PreEDM,FALSE,7,6,M
Mg7,0.4166,0.4488,0.0551,0.2675,0.0164,0.0162,0.015,0.0174,11X11TA,8/23/2019,Recycled,PreEDM,FALSE,7,7,M
Mg8,0.4168,0.4489,0.0539,0.2683,0.016,0.0154,0.0161,0.0155,11X11TA,8/23/2019,Recycled,PreEDM,FALSE,7,8,M
Mg9,0.4163,0.4486,0.0548,0.2675,0.016,0.015,0.0156,0.0154,11X11TA,8/23/2019,Recycled,PreEDM,FALSE,7,9,M
Mg10,0.4174,0.4482,0.054,0.267,0.0163,0.0154,0.0161,0.0156,11X11TA,8/23/2019,Recycled,PreEDM,FALSE,7,10,M
Mg11,0.4168,0.4495,0.0535,0.2664,0.0163,0.0161,0.0169,0.0161,11X11TA,8/23/2019,Recycled,PreEDM,FALSE,7,11,M
Mh1,0.4175,0.4492,0.0549,0.2676,0.0154,0.0158,0.0167,0.0152,11X11TA,8/23/2019,Recycled,PreEDM,FALSE,8,1,M
Mh2,0.4171,0.4489,0.0561,0.2686,0.0159,0.0155,0.0158,0.0161,11X11TA,8/23/2019,Recycled,PreEDM,FALSE,8,2,M
Mh3,0.4168,0.4485,0.0553,0.2683,0.0149,0.0155,0.0149,0.015,11X11TA,8/23/2019,Recycled,PreEDM,FALSE,8,3,M
Mh4,0.4164,0.4488,0.0553,0.2688,0.0165,0.0156,0.0153,0.0164,11X11TA,8/23/2019,Recycled,PreEDM,FALSE,8,4,M
Mh5,0.4175,0.4491,0.056,0.2684,0.0168,0.0157,0.0166,0.0153,11X11TA,8/23/2019,Recycled,PreEDM,FALSE,8,5,M
Mh6,0.4181,0.4494,0.0553,0.2689,0.0157,0.0152,0.016,0.0158,11X11TA,8/23/2019,Recycled,PreEDM,FALSE,8,6,M
Mh7,0.4171,0.4485,0.0546,0.2678,0.0165,0.0151,0.0151,0.016,11X11TA,8/23/2019,Recycled,PreEDM,FALSE,8,7,M
Mh8,0.417,0.4487,0.0556,0.2686,0.0155,0.0155,0.0149,0.0158,11X11TA,8/23/2019,Recycled,PreEDM,FALSE,8,8,M
Mh9,0.4174,0.4489,0.0549,0.2679,0.0156,0.0142,0.0172,0.0152,11X11TA,8/23/2019,Recycled,PreEDM,FALSE,8,9,M
Mh10,0.4171,0.4482,0.0539,0.2667,0.0153,0.0158,0.0174,0.0174,11X11TA,8/23/2019,Recycled,PreEDM,FALSE,8,10,M
Mh11,0.4172,0.4493,0.0533,0.2667,0.016,0.0155,0.0166,0.0173,11X11TA,8/23/2019,Recycled,PreEDM,FALSE,8,11,M
Mi1,0.4172,0.449,0.0551,0.268,0.0159,0.0169,0.0164,0.0173,11X11TA,8/23/2019,Recycled,PreEDM,FALSE,9,1,M
Mi2,0.4165,0.4487,0.0556,0.2684,0.0161,0.0154,0.017,0.0153,11X11TA,8/23/2019,Recycled,PreEDM,FALSE,9,2,M
Mi3,0.4161,0.4482,0.0556,0.2683,0.0155,0.018,0.0164,0.0157,11X11TA,8/23/2019,Recycled,PreEDM,FALSE,9,3,M
Mi4,0.4167,0.4488,0.0553,0.269,0.0157,0.0158,0.0162,0.0164,11X11TA,8/23/2019,Recycled,PreEDM,FALSE,9,4,M
Mi5,0.4165,0.4482,0.0559,0.2689,0.016,0.0157,0.0155,0.0157,11X11TA,8/23/2019,Recycled,PreEDM,FALSE,9,5,M
Mi6,0.4167,0.4488,0.0557,0.2688,0.0154,0.0161,0.0159,0.0164,11X11TA,8/23/2019,Recycled,PreEDM,FALSE,9,6,M
Mi7,0.4167,0.4486,0.0555,0.2684,0.0153,0.0156,0.0162,0.0159,11X11TA,8/23/2019,Recycled,PreEDM,FALSE,9,7,M
Mi8,0.4171,0.4491,0.0548,0.2679,0.0164,0.0149,0.0157,0.0172,11X11TA,8/23/2019,Recycled,PreEDM,FALSE,9,8,M
Mi9,0.4161,0.4482,0.0544,0.2678,0.0174,0.0164,0.0173,0.016,11X11TA,8/23/2019,Recycled,PreEDM,FALSE,9,9,M
Mi10,0.4165,0.4492,0.054,0.2672,0.0178,0.0155,0.0153,0.0153,11X11TA,8/23/2019,Recycled,PreEDM,FALSE,9,10,M
Mi11,0.4169,0.4494,0.0536,0.2662,0.0163,0.0156,0.0154,0.0167,11X11TA,8/23/2019,Recycled,PreEDM,FALSE,9,11,M
MJ1,0.4167,0.4493,0.0551,0.268,0.0164,0.0149,0.0149,0.0169,11X11TA,8/23/2019,Recycled,PreEDM,FALSE,10,1,M
MJ3,0.4173,0.4492,0.0554,0.2691,0.0148,0.0161,0.0159,0.0158,11X11TA,8/23/2019,Recycled,PreEDM,FALSE,10,3,M
MJ4,0.4163,0.4479,0.0551,0.2686,0.016,0.0159,0.0157,0.0152,11X11TA,8/23/2019,Recycled,PreEDM,FALSE,10,4,M
MJ5,0.4155,0.4486,0.0553,0.2679,0.0154,0.0184,0.0166,0.015,11X11TA,8/23/2019,Recycled,PreEDM,FALSE,10,5,M
MJ7,0.4168,0.4491,0.0551,0.2681,0.0176,0.0153,0.0171,0.0158,11X11TA,8/23/2019,Recycled,PreEDM,FALSE,10,7,M
MJ8,0.4164,0.4493,0.0541,0.2685,0.0164,0.0152,0.0147,0.0181,11X11TA,8/23/2019,Recycled,PreEDM,FALSE,10,8,M
MJ9,0.417,0.4492,0.0546,0.2677,0.0165,0.0158,0.0162,0.0161,11X11TA,8/23/2019,Recycled,PreEDM,FALSE,10,9,M
MJ11,0.4173,0.4502,0.0537,0.2673,0.0161,0.0164,0.0161,0.0168,11X11TA,8/23/2019,Recycled,PreEDM,FALSE,10,11,M
Mk1,0.4165,0.4483,0.0542,0.2678,0.0168,0.0159,0.016,0.0174,11X11TA,8/23/2019,Recycled,PreEDM,FALSE,11,1,M
Mk2,0.4174,0.4486,0.0544,0.2678,0.0147,0.0168,0.0156,0.0164,11X11TA,8/23/2019,Recycled,PreEDM,FALSE,11,2,M
Mk3,0.417,0.4485,0.0552,0.2682,0.017,0.016,0.0162,0.0159,11X11TA,8/23/2019,Recycled,PreEDM,FALSE,11,3,M
Mk4,0.4167,0.4488,0.0549,0.2683,0.0152,0.0174,0.0153,0.0167,11X11TA,8/23/2019,Recycled,PreEDM,FALSE,11,4,M
Mk5,0.4156,0.4483,0.0548,0.2684,0.0161,0.0146,0.0167,0.0157,11X11TA,8/23/2019,Recycled,PreEDM,FALSE,11,5,M
Mk6,0.4175,0.4487,0.0543,0.2676,0.0151,0.0158,0.0159,0.0163,11X11TA,8/23/2019,Recycled,PreEDM,FALSE,11,6,M
Mk7,0.4164,0.4494,0.0541,0.268,0.0155,0.0153,0.016,0.0153,11X11TA,8/23/2019,Recycled,PreEDM,TRUE,11,7,M
Mk8,0.4168,0.4487,0.0541,0.2675,0.0171,0.018,0.0157,0.0167,11X11TA,8/23/2019,Recycled,PreEDM,FALSE,11,8,M
Mk9,0.4166,0.4491,0.0535,0.2673,0.0165,0.0154,0.0165,0.0155,11X11TA,8/23/2019,Recycled,PreEDM,FALSE,11,9,M
Mk10,0.4166,0.4488,0.0529,0.2668,0.0168,0.0177,0.0163,0.0159,11X11TA,8/23/2019,Recycled,PreEDM,FALSE,11,10,M
Mk11,0.4153,0.4491,0.0531,0.2661,0.0167,0.0155,0.0158,0.0156,11X11TA,8/23/2019,Recycled,PreEDM,FALSE,11,11,M
Na1,0.4169,0.448,0.057,0.2689,0.0159,0.0163,0.0152,0.0166,11X11TA,8/26/2019,Recycled,PreEDM,FALSE,1,1,N
Na2,0.4166,0.4489,0.0571,0.2696,0.0157,0.0162,0.0149,0.0152,11X11TA,8/26/2019,Recycled,PreEDM,FALSE,1,2,N
Na3,0.4167,0.4486,0.0564,0.2698,0.0164,0.0158,0.0152,0.0153,11X11TA,8/26/2019,Recycled,PreEDM,FALSE,1,3,N
Na4,0.4172,0.4486,0.0568,0.2694,0.0158,0.017,0.0146,0.0172,11X11TA,8/26/2019,Recycled,PreEDM,FALSE,1,4,N
Na5,0.4169,0.4491,0.0572,0.2697,0.0161,0.0162,0.0169,0.0161,11X11TA,8/26/2019,Recycled,PreEDM,FALSE,1,5,N
Na6,0.4164,0.4486,0.0564,0.269,0.0153,0.0157,0.0152,0.0154,11X11TA,8/26/2019,Recycled,PreEDM,TRUE,1,6,N
Na7,0.4162,0.4491,0.0566,0.2681,0.0152,0.0165,0.0152,0.0155,11X11TA,8/26/2019,Recycled,PreEDM,FALSE,1,7,N
Na8,0.4168,0.4493,0.056,0.2675,0.0164,0.0167,0.0175,0.0148,11X11TA,8/26/2019,Recycled,PreEDM,FALSE,1,8,N
Na9,0.417,0.4489,0.0556,0.2678,0.0163,0.0159,0.015,0.0152,11X11TA,8/26/2019,Recycled,PreEDM,FALSE,1,9,N
Na10,0.4169,0.4484,0.0544,0.2671,0.0153,0.0167,0.0166,0.0177,11X11TA,8/26/2019,Recycled,PreEDM,FALSE,1,10,N
Na11,0.4158,0.4483,0.055,0.2671,0.0165,0.0164,0.0164,0.0165,11X11TA,8/26/2019,Recycled,PreEDM,FALSE,1,11,N
Nb1,0.4171,0.4477,0.0571,0.269,0.0163,0.0157,0.016,0.016,11X11TA,8/26/2019,Recycled,PreEDM,FALSE,2,1,N
Nb3,0.4173,0.4487,0.0578,0.2698,0.0145,0.0157,0.0156,0.0156,11X11TA,8/26/2019,Recycled,PreEDM,FALSE,2,3,N
Nb4,0.4159,0.4484,0.0579,0.2701,0.0164,0.015,0.018,0.0162,11X11TA,8/26/2019,Recycled,PreEDM,FALSE,2,4,N
Nb5,0.4164,0.4488,0.0574,0.2695,0.0155,0.018,0.0154,0.0166,11X11TA,8/26/2019,Recycled,PreEDM,FALSE,2,5,N
Nb7,0.4173,0.4485,0.0565,0.2697,0.0152,0.0158,0.0152,0.0164,11X11TA,8/26/2019,Recycled,PreEDM,FALSE,2,7,N
Nb8,0.417,0.4489,0.0565,0.2688,0.0159,0.0164,0.015,0.017,11X11TA,8/26/2019,Recycled,PreEDM,FALSE,2,8,N
Nb9,0.4172,0.4486,0.0568,0.2679,0.0161,0.016,0.0159,0.0166,11X11TA,8/26/2019,Recycled,PreEDM,FALSE,2,9,N
Nb11,0.4166,0.449,0.0545,0.2671,0.0174,0.0164,0.0151,0.0176,11X11TA,8/26/2019,Recycled,PreEDM,FALSE,2,11,N
Nc1,0.4167,0.4488,0.0572,0.2698,0.0152,0.0158,0.0159,0.0155,11X11TA,8/26/2019,Recycled,PreEDM,FALSE,3,1,N
Nc2,0.4165,0.449,0.0572,0.2702,0.016,0.0159,0.0153,0.0148,11X11TA,8/26/2019,Recycled,PreEDM,FALSE,3,2,N
Nc3,0.4172,0.449,0.0576,0.2695,0.0159,0.0176,0.015,0.0149,11X11TA,8/26/2019,Recycled,PreEDM,FALSE,3,3,N
Nc4,0.4174,0.4489,0.0571,0.2699,0.0156,0.0147,0.0164,0.0153,11X11TA,8/26/2019,Recycled,PreEDM,FALSE,3,4,N
Nc5,0.4169,0.449,0.0573,0.2696,0.0175,0.0155,0.0167,0.0159,11X11TA,8/26/2019,Recycled,PreEDM,FALSE,3,5,N
Nc6,0.4176,0.4491,0.0565,0.2697,0.0149,0.0155,0.0149,0.0154,11X11TA,8/26/2019,Recycled,PreEDM,FALSE,3,6,N
Nc7,0.4172,0.449,0.0564,0.2696,0.0163,0.0167,0.0154,0.0153,11X11TA,8/26/2019,Recycled,PreEDM,FALSE,3,7,N
Nc8,0.4161,0.4489,0.0562,0.2688,0.0162,0.0159,0.0157,0.0161,11X11TA,8/26/2019,Recycled,PreEDM,FALSE,3,8,N
Nc9,0.4168,0.4489,0.056,0.2685,0.0162,0.0158,0.0149,0.0162,11X11TA,8/26/2019,Recycled,PreEDM,FALSE,3,9,N
Nc10,0.4171,0.4488,0.056,0.2683,0.0167,0.017,0.0156,0.0162,11X11TA,8/26/2019,Recycled,PreEDM,FALSE,3,10,N
Nc11,0.4168,0.4491,0.0543,0.2671,0.0164,0.0155,0.0148,0.016,11X11TA,8/26/2019,Recycled,PreEDM,FALSE,3,11,N
Nd1,0.4168,0.4477,0.0575,0.2692,0.0152,0.0157,0.0152,0.0148,11X11TA,8/26/2019,Recycled,PreEDM,FALSE,4,1,N
Nd2,0.4164,0.4487,0.0572,0.2697,0.0158,0.016,0.0148,0.0163,11X11TA,8/26/2019,Recycled,PreEDM,FALSE,4,2,N
Nd3,0.4162,0.4475,0.0576,0.2704,0.0153,0.0162,0.0157,0.0146,11X11TA,8/26/2019,Recycled,PreEDM,FALSE,4,3,N
Nd4,0.4167,0.4483,0.0568,0.2709,0.016,0.0154,0.0178,0.0149,11X11TA,8/26/2019,Recycled,PreEDM,FALSE,4,4,N
Nd5,0.4169,0.4484,0.0571,0.2698,0.0172,0.0157,0.0157,0.0158,11X11TA,8/26/2019,Recycled,PreEDM,FALSE,4,5,N
Nd6,0.4172,0.449,0.0574,0.2698,0.0154,0.016,0.0161,0.0152,11X11TA,8/26/2019,Recycled,PreEDM,FALSE,4,6,N
Nd7,0.4174,0.4482,0.0575,0.2693,0.0148,0.0161,0.0148,0.0159,11X11TA,8/26/2019,Recycled,PreEDM,FALSE,4,7,N
Nd8,0.4168,0.448,0.0556,0.2696,0.0159,0.0166,0.0158,0.019,11X11TA,8/26/2019,Recycled,PreEDM,FALSE,4,8,N
Nd9,0.4171,0.4484,0.0558,0.2692,0.0149,0.0161,0.0155,0.0158,11X11TA,8/26/2019,Recycled,PreEDM,FALSE,4,9,N
Nd10,0.4163,0.4484,0.0554,0.2687,0.0159,0.0161,0.0154,0.0159,11X11TA,8/26/2019,Recycled,PreEDM,FALSE,4,10,N
Nd11,0.4171,0.4491,0.0545,0.2676,0.0166,0.0162,0.0157,0.0158,11X11TA,8/26/2019,Recycled,PreEDM,FALSE,4,11,N
Ne1,0.4181,0.449,0.0569,0.2696,0.015,0.0156,0.0176,0.0158,11X11TA,8/26/2019,Recycled,PreEDM,FALSE,5,1,N
Ne2,0.4173,0.4484,0.0573,0.2696,0.0153,0.0165,0.0152,0.0149,11X11TA,8/26/2019,Recycled,PreEDM,FALSE,5,2,N
Ne3,0.4175,0.4483,0.0577,0.2698,0.0156,0.015,0.0156,0.0159,11X11TA,8/26/2019,Recycled,PreEDM,FALSE,5,3,N
Ne4,0.4163,0.4486,0.0577,0.2703,0.016,0.0159,0.016,0.0144,11X11TA,8/26/2019,Recycled,PreEDM,FALSE,5,4,N
Ne5,0.4165,0.4483,0.057,0.2698,0.0143,0.0161,0.0161,0.0165,11X11TA,8/26/2019,Recycled,PreEDM,FALSE,5,5,N
Ne6,0.4173,0.4478,0.0575,0.2704,0.0156,0.0153,0.0153,0.0155,11X11TA,8/26/2019,Recycled,PreEDM,FALSE,5,6,N
Ne7,0.4174,0.4487,0.057,0.2697,0.0166,0.0159,0.0158,0.0158,11X11TA,8/26/2019,Recycled,PreEDM,FALSE,5,7,N
Ne8,0.4172,0.448,0.0565,0.2693,0.0165,0.0168,0.0148,0.0156,11X11TA,8/26/2019,Recycled,PreEDM,FALSE,5,8,N
Ne9,0.4167,0.4481,0.0566,0.269,0.015,0.0165,0.0157,0.0164,11X11TA,8/26/2019,Recycled,PreEDM,FALSE,5,9,N
Ne10,0.4174,0.4498,0.0559,0.2686,0.016,0.0155,0.0162,0.016,11X11TA,8/26/2019,Recycled,PreEDM,FALSE,5,10,N
Ne11,0.4167,0.4492,0.0548,0.268,0.0166,0.0155,0.0154,0.0165,11X11TA,8/26/2019,Recycled,PreEDM,FALSE,5,11,N
Nf1,0.417,0.4481,0.0568,0.2697,0.0154,0.0155,0.016,0.0154,11X11TA,8/26/2019,Recycled,PreEDM,FALSE,6,1,N
Nf3,0.4169,0.4489,0.0571,0.2705,0.0153,0.015,0.0169,0.0154,11X11TA,8/26/2019,Recycled,PreEDM,FALSE,6,3,N
Nf4,0.4176,0.4484,0.0575,0.2702,0.0145,0.0159,0.0163,0.0156,11X11TA,8/26/2019,Recycled,PreEDM,FALSE,6,4,N
Nf5,0.4166,0.448,0.0578,0.27,0.0152,0.0155,0.0154,0.0172,11X11TA,8/26/2019,Recycled,PreEDM,FALSE,6,5,N
Nf7,0.4176,0.449,0.0574,0.27,0.016,0.016,0.016,0.0168,11X11TA,8/26/2019,Recycled,PreEDM,FALSE,6,7,N
Nf8,0.4172,0.4482,0.0563,0.2693,0.0157,0.0153,0.0164,0.0158,11X11TA,8/26/2019,Recycled,PreEDM,FALSE,6,8,N
Nf9,0.4178,0.4488,0.0559,0.2688,0.0156,0.0162,0.0154,0.016,11X11TA,8/26/2019,Recycled,PreEDM,FALSE,6,9,N
Nf11,0.4169,0.4493,0.0559,0.2681,0.0162,0.0164,0.0155,0.0167,11X11TA,8/26/2019,Recycled,PreEDM,FALSE,6,11,N
Ng1,0.4168,0.4484,0.0571,0.2693,0.0147,0.0152,0.0164,0.0156,11X11TA,8/26/2019,Recycled,PreEDM,FALSE,7,1,N
Ng2,0.4168,0.4481,0.0573,0.2693,0.016,0.0167,0.016,0.015,11X11TA,8/26/2019,Recycled,PreEDM,FALSE,7,2,N
Ng3,0.4169,0.4488,0.0583,0.2699,0.016,0.0163,0.0158,0.0151,11X11TA,8/26/2019,Recycled,PreEDM,FALSE,7,3,N
Ng4,0.4175,0.4482,0.0581,0.2701,0.0154,0.0163,0.017,0.0154,11X11TA,8/26/2019,Recycled,PreEDM,FALSE,7,4,N
Ng5,0.4174,0.4487,0.0576,0.2698,0.0148,0.0156,0.0161,0.0152,11X11TA,8/26/2019,Recycled,PreEDM,FALSE,7,5,N
Ng6,0.4176,0.4493,0.0573,0.27,0.0159,0.0157,0.0159,0.0159,11X11TA,8/26/2019,Recycled,PreEDM,FALSE,7,6,N
Ng7,0.4163,0.4481,0.0561,0.27,0.0159,0.0149,0.0157,0.0172,11X11TA,8/26/2019,Recycled,PreEDM,FALSE,7,7,N
Ng8,0.4166,0.448,0.0566,0.2691,0.0171,0.0156,0.0165,0.0158,11X11TA,8/26/2019,Recycled,PreEDM,FALSE,7,8,N
Ng9,0.4167,0.4492,0.0567,0.2695,0.0157,0.0164,0.0151,0.0163,11X11TA,8/26/2019,Recycled,PreEDM,FALSE,7,9,N
Ng10,0.4168,0.4487,0.0549,0.269,0.0168,0.0156,0.0163,0.0161,11X11TA,8/26/2019,Recycled,PreEDM,FALSE,7,10,N
Ng11,0.4171,0.4493,0.0552,0.2688,0.0171,0.0161,0.0172,0.0159,11X11TA,8/26/2019,Recycled,PreEDM,FALSE,7,11,N
Nh1,0.4176,0.4495,0.0568,0.2699,0.0151,0.015,0.0172,0.0162,11X11TA,8/26/2019,Recycled,PreEDM,FALSE,8,1,N
Nh2,0.4166,0.4483,0.0567,0.2703,0.0163,0.0156,0.0165,0.0163,11X11TA,8/26/2019,Recycled,PreEDM,FALSE,8,2,N
Nh3,0.4169,0.4483,0.0573,0.2703,0.0165,0.0151,0.0162,0.0163,11X11TA,8/26/2019,Recycled,PreEDM,FALSE,8,3,N
Nh4,0.4172,0.4484,0.0575,0.27,0.0159,0.0159,0.0154,0.0155,11X11TA,8/26/2019,Recycled,PreEDM,FALSE,8,4,N
Nh5,0.4173,0.4485,0.0568,0.2709,0.0157,0.0158,0.015,0.016,11X11TA,8/26/2019,Recycled,PreEDM,FALSE,8,5,N
Nh6,0.4178,0.4491,0.0579,0.2701,0.0156,0.0147,0.0158,0.0151,11X11TA,8/26/2019,Recycled,PreEDM,FALSE,8,6,N
Nh7,0.4164,0.4492,0.0569,0.2699,0.016,0.0151,0.0156,0.0154,11X11TA,8/26/2019,Recycled,PreEDM,FALSE,8,7,N
Nh8,0.417,0.4486,0.0565,0.2692,0.0165,0.015,0.0163,0.0153,11X11TA,8/26/2019,Recycled,PreEDM,FALSE,8,8,N
Nh9,0.4167,0.4489,0.0562,0.2692,0.0166,0.0163,0.0157,0.0156,11X11TA,8/26/2019,Recycled,PreEDM,FALSE,8,9,N
Nh10,0.4164,0.4488,0.0554,0.2683,0.0159,0.0156,0.0159,0.0159,11X11TA,8/26/2019,Recycled,PreEDM,FALSE,8,10,N
Nh11,0.4175,0.4494,0.0552,0.2686,0.0157,0.0155,0.0163,0.0186,11X11TA,8/26/2019,Recycled,PreEDM,TRUE,8,11,N
Ni1,0.4176,0.448,0.0567,0.2702,0.0149,0.0155,0.016,0.0165,11X11TA,8/26/2019,Recycled,PreEDM,FALSE,9,1,N
Ni2,0.4173,0.4481,0.0566,0.2696,0.0152,0.0153,0.0155,0.0154,11X11TA,8/26/2019,Recycled,PreEDM,FALSE,9,2,N
Ni3,0.4174,0.4489,0.0568,0.2699,0.0152,0.0165,0.0166,0.0155,11X11TA,8/26/2019,Recycled,PreEDM,FALSE,9,3,N
Ni4,0.4174,0.4484,0.0571,0.2703,0.0157,0.0157,0.0157,0.0155,11X11TA,8/26/2019,Recycled,PreEDM,FALSE,9,4,N
Ni5,0.4168,0.4481,0.0579,0.2698,0.0166,0.0157,0.0151,0.0156,11X11TA,8/26/2019,Recycled,PreEDM,FALSE,9,5,N
Ni6,0.4174,0.4483,0.0572,0.2704,0.0153,0.0162,0.0153,0.0168,11X11TA,8/26/2019,Recycled,PreEDM,FALSE,9,6,N
Ni7,0.4167,0.4482,0.0563,0.2698,0.0154,0.0158,0.0148,0.0158,11X11TA,8/26/2019,Recycled,PreEDM,FALSE,9,7,N
Ni8,0.4172,0.4491,0.0565,0.2695,0.0156,0.0153,0.0165,0.0156,11X11TA,8/26/2019,Recycled,PreEDM,FALSE,9,8,N
Ni9,0.4167,0.4482,0.0564,0.2689,0.0159,0.0168,0.0175,0.0153,11X11TA,8/26/2019,Recycled,PreEDM,FALSE,9,9,N
Ni10,0.417,0.4488,0.0563,0.2688,0.0163,0.0156,0.017,0.0156,11X11TA,8/26/2019,Recycled,PreEDM,FALSE,9,10,N
Ni11,0.4171,0.4487,0.0547,0.2681,0.0156,0.0147,0.0161,0.0173,11X11TA,8/26/2019,Recycled,PreEDM,FALSE,9,11,N
NJ1,0.4176,0.4486,0.0567,0.2694,0.0155,0.0153,0.0165,0.0166,11X11TA,8/26/2019,Recycled,PreEDM,FALSE,10,1,N
NJ3,0.4172,0.4488,0.0575,0.2703,0.0149,0.0153,0.0159,0.0154,11X11TA,8/26/2019,Recycled,PreEDM,FALSE,10,3,N
NJ4,0.4167,0.4479,0.0573,0.2698,0.0151,0.0161,0.0154,0.0163,11X11TA,8/26/2019,Recycled,PreEDM,FALSE,10,4,N
NJ5,0.4162,0.4479,0.0569,0.2702,0.0153,0.0151,0.016,0.0174,11X11TA,8/26/2019,Recycled,PreEDM,FALSE,10,5,N
NJ7,0.4168,0.448,0.0561,0.2699,0.0157,0.0158,0.015,0.0169,11X11TA,8/26/2019,Recycled,PreEDM,FALSE,10,7,N
NJ8,0.4178,0.4487,0.0559,0.2694,0.0156,0.0152,0.0156,0.0166,11X11TA,8/26/2019,Recycled,PreEDM,FALSE,10,8,N
NJ9,0.4168,0.4488,0.0568,0.2697,0.016,0.0151,0.0152,0.0157,11X11TA,8/26/2019,Recycled,PreEDM,FALSE,10,9,N
NJ11,0.4167,0.449,0.0539,0.2686,0.0155,0.0169,0.0154,0.016,11X11TA,8/26/2019,Recycled,PreEDM,FALSE,10,11,N
Nk1,0.4168,0.4481,0.056,0.2694,0.0171,0.0154,0.0165,0.0174,11X11TA,8/26/2019,Recycled,PreEDM,FALSE,11,1,N
Nk2,0.4161,0.4498,0.057,0.2696,0.0169,0.0158,0.016,0.0152,11X11TA,8/26/2019,Recycled,PreEDM,FALSE,11,2,N
Nk3,0.4163,0.4483,0.0569,0.2695,0.0157,0.015,0.0152,0.0153,11X11TA,8/26/2019,Recycled,PreEDM,FALSE,11,3,N
Nk4,0.4169,0.4484,0.0564,0.2707,0.0156,0.0156,0.0162,0.0168,11X11TA,8/26/2019,Recycled,PreEDM,FALSE,11,4,N
Nk5,0.4157,0.4482,0.0557,0.2698,0.0161,0.0167,0.0152,0.0157,11X11TA,8/26/2019,Recycled,PreEDM,FALSE,11,5,N
Nk6,0.4167,0.4497,0.0565,0.2705,0.0153,0.0158,0.0154,0.0162,11X11TA,8/26/2019,Recycled,PreEDM,FALSE,11,6,N
Nk7,0.416,0.4487,0.0557,0.2697,0.0153,0.0154,0.0159,0.0169,11X11TA,8/26/2019,Recycled,PreEDM,FALSE,11,7,N
Nk8,0.4167,0.4487,0.0557,0.2688,0.016,0.0159,0.0158,0.0157,11X11TA,8/26/2019,Recycled,PreEDM,FALSE,11,8,N
Nk9,0.4169,0.4487,0.0562,0.269,0.0158,0.0162,0.0157,0.0167,11X11TA,8/26/2019,Recycled,PreEDM,FALSE,11,9,N
Nk10,0.4169,0.4489,0.0558,0.2683,0.0175,0.0166,0.0166,0.0164,11X11TA,8/26/2019,Recycled,PreEDM,FALSE,11,10,N
Nk11,0.4159,0.4487,0.0564,0.268,0.0152,0.0162,0.016,0.0169,11X11TA,8/26/2019,Recycled,PreEDM,FALSE,11,11,N
Oa1,0.4166,0.4485,0.0545,0.2669,0.0151,0.0174,0.0166,0.0162,11X11TA,8/27/2019,Recycled,PreEDM,FALSE,1,1,O
Oa2,0.4164,0.4478,0.0545,0.2671,0.015,0.0163,0.0152,0.0147,11X11TA,8/27/2019,Recycled,PreEDM,FALSE,1,2,O
Oa3,0.4167,0.4478,0.0546,0.2676,0.0143,0.0157,0.0168,0.016,11X11TA,8/27/2019,Recycled,PreEDM,FALSE,1,3,O
Oa4,0.4159,0.4494,0.0539,0.2672,0.016,0.016,0.0167,0.0154,11X11TA,8/27/2019,Recycled,PreEDM,FALSE,1,4,O
Oa5,0.4161,0.4495,0.0542,0.2676,0.0162,0.0159,0.0153,0.0162,11X11TA,8/27/2019,Recycled,PreEDM,FALSE,1,5,O
Oa6,0.4174,0.4493,0.054,0.2673,0.0172,0.0161,0.0158,0.0171,11X11TA,8/27/2019,Recycled,PreEDM,FALSE,1,6,O
Oa7,0.4173,0.4489,0.0547,0.2665,0.0155,0.0152,0.015,0.0163,11X11TA,8/27/2019,Recycled,PreEDM,FALSE,1,7,O
Oa8,0.4173,0.4497,0.054,0.2661,0.017,0.017,0.0148,0.0164,11X11TA,8/27/2019,Recycled,PreEDM,FALSE,1,8,O
Oa9,0.4163,0.4488,0.0531,0.2662,0.0153,0.0152,0.0178,0.0153,11X11TA,8/27/2019,Recycled,PreEDM,FALSE,1,9,O
Oa10,0.4163,0.4483,0.0527,0.2653,0.0149,0.0165,0.0155,0.017,11X11TA,8/27/2019,Recycled,PreEDM,FALSE,1,10,O
Oa11,0.4165,0.4482,0.0514,0.2659,0.0153,0.0172,0.0155,0.0162,11X11TA,8/27/2019,Recycled,PreEDM,FALSE,1,11,O
Ob1,0.4172,0.4486,0.0545,0.2677,0.0152,0.0156,0.0151,0.0171,11X11TA,8/27/2019,Recycled,PreEDM,FALSE,2,1,O
Ob3,0.4172,0.4501,0.0549,0.2674,0.0151,0.0155,0.0162,0.0149,11X11TA,8/27/2019,Recycled,PreEDM,FALSE,2,3,O
Ob4,0.4169,0.4484,0.0554,0.2684,0.0163,0.0153,0.0153,0.0153,11X11TA,8/27/2019,Recycled,PreEDM,FALSE,2,4,O
Ob5,0.4165,0.4482,0.0549,0.2679,0.0147,0.0158,0.0144,0.0154,11X11TA,8/27/2019,Recycled,PreEDM,FALSE,2,5,O
Ob7,0.4172,0.4492,0.0544,0.2673,0.0157,0.0157,0.0161,0.0158,11X11TA,8/27/2019,Recycled,PreEDM,FALSE,2,7,O
Ob8,0.417,0.4496,0.0538,0.267,0.0164,0.0164,0.015,0.0168,11X11TA,8/27/2019,Recycled,PreEDM,FALSE,2,8,O
Ob9,0.4164,0.4479,0.0542,0.2662,0.0186,0.0166,0.0162,0.0162,11X11TA,8/27/2019,Recycled,PreEDM,FALSE,2,9,O
Ob11,0.4168,0.4486,0.0523,0.2655,0.0165,0.0151,0.016,0.0155,11X11TA,8/27/2019,Recycled,PreEDM,FALSE,2,11,O
Oc1,0.4174,0.4488,0.0539,0.2676,0.0157,0.016,0.0161,0.0154,11X11TA,8/27/2019,Recycled,PreEDM,FALSE,3,1,O
Oc2,0.4172,0.4485,0.0543,0.2677,0.0162,0.0157,0.0158,0.0157,11X11TA,8/27/2019,Recycled,PreEDM,FALSE,3,2,O
Oc3,0.4172,0.4495,0.054,0.2683,0.0157,0.0165,0.0158,0.0164,11X11TA,8/27/2019,Recycled,PreEDM,FALSE,3,3,O
Oc4,0.4163,0.4484,0.0544,0.2679,0.0156,0.0159,0.0164,0.0166,11X11TA,8/27/2019,Recycled,PreEDM,FALSE,3,4,O
Oc5,0.4169,0.4481,0.0546,0.2672,0.0163,0.0159,0.0149,0.0161,11X11TA,8/27/2019,Recycled,PreEDM,FALSE,3,5,O
Oc6,0.4166,0.4485,0.0554,0.2675,0.0157,0.0163,0.0147,0.0151,11X11TA,8/27/2019,Recycled,PreEDM,FALSE,3,6,O
Oc7,0.4172,0.4488,0.0541,0.2674,0.0162,0.0171,0.0152,0.0165,11X11TA,8/27/2019,Recycled,PreEDM,FALSE,3,7,O
Oc8,0.4162,0.4482,0.054,0.267,0.0151,0.0161,0.0162,0.0165,11X11TA,8/27/2019,Recycled,PreEDM,FALSE,3,8,O
Oc9,0.417,0.449,0.0532,0.2671,0.0174,0.0177,0.0156,0.0154,11X11TA,8/27/2019,Recycled,PreEDM,FALSE,3,9,O
Oc10,0.417,0.4485,0.0532,0.2664,0.0158,0.0161,0.0162,0.0156,11X11TA,8/27/2019,Recycled,PreEDM,FALSE,3,10,O
Oc11,0.4172,0.4491,0.0529,0.2665,0.0163,0.0159,0.0149,0.0149,11X11TA,8/27/2019,Recycled,PreEDM,FALSE,3,11,O
Od1,0.4165,0.448,0.0556,0.2673,0.0161,0.0153,0.015,0.0155,11X11TA,8/27/2019,Recycled,PreEDM,FALSE,4,1,O
Od2,0.4171,0.4488,0.0545,0.2678,0.0157,0.0155,0.016,0.0162,11X11TA,8/27/2019,Recycled,PreEDM,FALSE,4,2,O
Od3,0.4165,0.4475,0.0546,0.2675,0.0148,0.0153,0.0158,0.0156,11X11TA,8/27/2019,Recycled,PreEDM,FALSE,4,3,O
Od4,0.4169,0.4482,0.0542,0.2683,0.016,0.0156,0.0146,0.0171,11X11TA,8/27/2019,Recycled,PreEDM,FALSE,4,4,O
Od5,0.4172,0.4482,0.0544,0.2678,0.0151,0.0161,0.0152,0.0165,11X11TA,8/27/2019,Recycled,PreEDM,FALSE,4,5,O
Od6,0.4173,0.4487,0.0554,0.2686,0.0154,0.016,0.0145,0.0154,11X11TA,8/27/2019,Recycled,PreEDM,FALSE,4,6,O
Od7,0.4167,0.4482,0.0546,0.2677,0.0152,0.0157,0.0152,0.0171,11X11TA,8/27/2019,Recycled,PreEDM,FALSE,4,7,O
Od8,0.4169,0.4479,0.0547,0.2681,0.0159,0.0165,0.0152,0.0149,11X11TA,8/27/2019,Recycled,PreEDM,FALSE,4,8,O
Od9,0.4173,0.4485,0.0533,0.267,0.0165,0.0161,0.0174,0.0157,11X11TA,8/27/2019,Recycled,PreEDM,FALSE,4,9,O
Od10,0.4164,0.4483,0.0532,0.2665,0.0163,0.0157,0.0155,0.016,11X11TA,8/27/2019,Recycled,PreEDM,FALSE,4,10,O
Od11,0.4168,0.4491,0.0523,0.2659,0.0172,0.0155,0.0176,0.0168,11X11TA,8/27/2019,Recycled,PreEDM,FALSE,4,11,O
Oe1,0.417,0.4494,0.0539,0.2679,0.0159,0.016,0.0149,0.0155,11X11TA,8/27/2019,Recycled,PreEDM,FALSE,5,1,O
Oe2,0.4168,0.4483,0.0552,0.2682,0.0155,0.0159,0.0154,0.0161,11X11TA,8/27/2019,Recycled,PreEDM,FALSE,5,2,O
Oe3,0.4175,0.4482,0.0543,0.2684,0.0154,0.016,0.0165,0.0148,11X11TA,8/27/2019,Recycled,PreEDM,FALSE,5,3,O
Oe4,0.4171,0.4478,0.0548,0.2679,0.0152,0.0154,0.0155,0.0162,11X11TA,8/27/2019,Recycled,PreEDM,FALSE,5,4,O
Oe5,0.417,0.4477,0.0552,0.2682,0.0153,0.0157,0.0152,0.0166,11X11TA,8/27/2019,Recycled,PreEDM,FALSE,5,5,O
Oe6,0.4172,0.4486,0.0547,0.2685,0.0148,0.0155,0.0148,0.0155,11X11TA,8/27/2019,Recycled,PreEDM,FALSE,5,6,O
Oe7,0.4168,0.4487,0.0546,0.2678,0.016,0.0157,0.016,0.0162,11X11TA,8/27/2019,Recycled,PreEDM,FALSE,5,7,O
Oe8,0.4169,0.4479,0.0539,0.2676,0.0175,0.0153,0.0162,0.016,11X11TA,8/27/2019,Recycled,PreEDM,FALSE,5,8,O
Oe9,0.4165,0.4482,0.0538,0.2677,0.0156,0.0161,0.0159,0.0162,11X11TA,8/27/2019,Recycled,PreEDM,FALSE,5,9,O
Oe10,0.4172,0.449,0.0535,0.2663,0.0158,0.015,0.0155,0.0155,11X11TA,8/27/2019,Recycled,PreEDM,FALSE,5,10,O
Oe11,0.4168,0.448,0.0522,0.2663,0.0148,0.0158,0.0151,0.0153,11X11TA,8/27/2019,Recycled,PreEDM,FALSE,5,11,O
Of1,0.4176,0.448,0.0538,0.2672,0.0158,0.0159,0.0161,0.0167,11X11TA,8/27/2019,Recycled,PreEDM,FALSE,6,1,O
Of3,0.4166,0.4487,0.0553,0.2686,0.0156,0.0166,0.0152,0.0159,11X11TA,8/27/2019,Recycled,PreEDM,FALSE,6,3,O
Of4,0.4166,0.4484,0.0548,0.2688,0.0154,0.016,0.0158,0.0164,11X11TA,8/27/2019,Recycled,PreEDM,FALSE,6,4,O
Of5,0.4173,0.4478,0.0546,0.2679,0.0153,0.0157,0.0161,0.0152,11X11TA,8/27/2019,Recycled,PreEDM,FALSE,6,5,O
Of7,0.4177,0.4484,0.054,0.2678,0.0169,0.0153,0.0165,0.0166,11X11TA,8/27/2019,Recycled,PreEDM,FALSE,6,7,O
Of8,0.4169,0.449,0.0533,0.2679,0.0175,0.0162,0.0157,0.0167,11X11TA,8/27/2019,Recycled,PreEDM,FALSE,6,8,O
Of9,0.4178,0.4495,0.0543,0.2673,0.0162,0.0147,0.0145,0.0166,11X11TA,8/27/2019,Recycled,PreEDM,FALSE,6,9,O
Of11,0.4167,0.4502,0.0529,0.2655,0.0162,0.0156,0.0156,0.0164,11X11TA,8/27/2019,Recycled,PreEDM,FALSE,6,11,O
Og1,0.4172,0.4477,0.0553,0.2676,0.0158,0.0153,0.0163,0.0165,11X11TA,8/27/2019,Recycled,PreEDM,FALSE,7,1,O
Og2,0.4165,0.4479,0.0547,0.2678,0.016,0.016,0.0161,0.0155,11X11TA,8/27/2019,Recycled,PreEDM,FALSE,7,2,O
Og3,0.4178,0.4483,0.0555,0.2687,0.0156,0.015,0.0154,0.0159,11X11TA,8/27/2019,Recycled,PreEDM,FALSE,7,3,O
Og4,0.4169,0.4479,0.0552,0.2687,0.0147,0.0152,0.0157,0.0167,11X11TA,8/27/2019,Recycled,PreEDM,FALSE,7,4,O
Og5,0.4177,0.4488,0.0551,0.2687,0.0151,0.0157,0.0151,0.0155,11X11TA,8/27/2019,Recycled,PreEDM,FALSE,7,5,O
Og6,0.4174,0.4493,0.0546,0.2689,0.0149,0.0157,0.016,0.016,11X11TA,8/27/2019,Recycled,PreEDM,FALSE,7,6,O
Og7,0.4175,0.4483,0.0548,0.2681,0.0161,0.0145,0.0162,0.0158,11X11TA,8/27/2019,Recycled,PreEDM,FALSE,7,7,O
Og8,0.417,0.4478,0.054,0.2683,0.0144,0.0155,0.0161,0.0161,11X11TA,8/27/2019,Recycled,PreEDM,FALSE,7,8,O
Og9,0.4175,0.4491,0.0541,0.2672,0.0157,0.0161,0.0146,0.016,11X11TA,8/27/2019,Recycled,PreEDM,FALSE,7,9,O
Og10,0.4172,0.4489,0.0535,0.2669,0.0154,0.0156,0.0157,0.0162,11X11TA,8/27/2019,Recycled,PreEDM,FALSE,7,10,O
Og11,0.4175,0.4488,0.0527,0.2666,0.0158,0.0158,0.0154,0.0151,11X11TA,8/27/2019,Recycled,PreEDM,FALSE,7,11,O
Oh1,0.4181,0.449,0.055,0.2676,0.0154,0.015,0.0157,0.0153,11X11TA,8/27/2019,Recycled,PreEDM,FALSE,8,1,O
Oh2,0.4172,0.4481,0.0546,0.2682,0.0158,0.0154,0.0159,0.0155,11X11TA,8/27/2019,Recycled,PreEDM,FALSE,8,2,O
Oh3,0.417,0.4479,0.0546,0.2687,0.0155,0.0153,0.0151,0.0163,11X11TA,8/27/2019,Recycled,PreEDM,FALSE,8,3,O
Oh4,0.4168,0.4485,0.055,0.2685,0.0156,0.0156,0.0154,0.0165,11X11TA,8/27/2019,Recycled,PreEDM,FALSE,8,4,O
Oh5,0.4171,0.449,0.0545,0.2682,0.0155,0.0165,0.0147,0.016,11X11TA,8/27/2019,Recycled,PreEDM,FALSE,8,5,O
Oh6,0.4176,0.449,0.0549,0.268,0.0153,0.0157,0.0156,0.0159,11X11TA,8/27/2019,Recycled,PreEDM,FALSE,8,6,O
Oh7,0.4169,0.4485,0.0548,0.268,0.0159,0.0148,0.0151,0.016,11X11TA,8/27/2019,Recycled,PreEDM,FALSE,8,7,O
Oh8,0.4172,0.4487,0.0539,0.2676,0.0156,0.0154,0.0148,0.0155,11X11TA,8/27/2019,Recycled,PreEDM,FALSE,8,8,O
Oh9,0.4174,0.449,0.0538,0.2675,0.0155,0.015,0.0154,0.0163,11X11TA,8/27/2019,Recycled,PreEDM,FALSE,8,9,O
Oh10,0.4168,0.4482,0.0528,0.2666,0.0163,0.0155,0.0163,0.0156,11X11TA,8/27/2019,Recycled,PreEDM,FALSE,8,10,O
Oh11,0.4176,0.4494,0.0527,0.2663,0.015,0.0153,0.0155,0.0166,11X11TA,8/27/2019,Recycled,PreEDM,FALSE,8,11,O
Oi1,0.4177,0.4487,0.0542,0.2679,0.0159,0.0159,0.0161,0.0154,11X11TA,8/27/2019,Recycled,PreEDM,FALSE,9,1,O
Oi2,0.4173,0.4482,0.0552,0.2684,0.0151,0.0155,0.0154,0.016,11X11TA,8/27/2019,Recycled,PreEDM,FALSE,9,2,O
Oi3,0.4175,0.4482,0.0555,0.2681,0.0151,0.0151,0.0144,0.0157,11X11TA,8/27/2019,Recycled,PreEDM,FALSE,9,3,O
Oi4,0.4168,0.448,0.0548,0.2685,0.0158,0.0161,0.017,0.0152,11X11TA,8/27/2019,Recycled,PreEDM,FALSE,9,4,O
Oi5,0.4172,0.4488,0.0553,0.2686,0.0183,0.0162,0.0152,0.0159,11X11TA,8/27/2019,Recycled,PreEDM,FALSE,9,5,O
Oi6,0.4173,0.4486,0.0555,0.2674,0.0147,0.0154,0.0154,0.0161,11X11TA,8/27/2019,Recycled,PreEDM,FALSE,9,6,O
Oi7,0.4173,0.4479,0.0545,0.2682,0.0156,0.0153,0.0151,0.0161,11X11TA,8/27/2019,Recycled,PreEDM,FALSE,9,7,O
Oi8,0.4174,0.4482,0.054,0.2683,0.0154,0.0163,0.0164,0.0159,11X11TA,8/27/2019,Recycled,PreEDM,FALSE,9,8,O
Oi9,0.4169,0.4486,0.0531,0.2676,0.0155,0.017,0.0157,0.016,11X11TA,8/27/2019,Recycled,PreEDM,FALSE,9,9,O
Oi10,0.4172,0.4488,0.053,0.2669,0.0165,0.0158,0.0156,0.0164,11X11TA,8/27/2019,Recycled,PreEDM,FALSE,9,10,O
Oi11,0.4164,0.4483,0.0523,0.2669,0.016,0.0163,0.0162,0.0162,11X11TA,8/27/2019,Recycled,PreEDM,FALSE,9,11,O
OJ1,0.4174,0.4491,0.0543,0.2679,0.0146,0.0166,0.0167,0.0167,11X11TA,8/27/2019,Recycled,PreEDM,FALSE,10,1,O
OJ3,0.4172,0.4489,0.0546,0.2679,0.0165,0.0159,0.0155,0.0156,11X11TA,8/27/2019,Recycled,PreEDM,FALSE,10,3,O
OJ4,0.4173,0.4483,0.0545,0.268,0.0156,0.0159,0.0162,0.0163,11X11TA,8/27/2019,Recycled,PreEDM,FALSE,10,4,O
OJ5,0.416,0.4479,0.0553,0.2691,0.0156,0.0159,0.0158,0.0153,11X11TA,8/27/2019,Recycled,PreEDM,FALSE,10,5,O
OJ7,0.4175,0.448,0.0534,0.2672,0.0168,0.0156,0.0151,0.0169,11X11TA,8/27/2019,Recycled,PreEDM,FALSE,10,7,O
OJ8,0.4168,0.4489,0.0543,0.2676,0.0157,0.0156,0.0154,0.0161,11X11TA,8/27/2019,Recycled,PreEDM,FALSE,10,8,O
OJ9,0.417,0.4482,0.0535,0.2673,0.0154,0.0156,0.016,0.0166,11X11TA,8/27/2019,Recycled,PreEDM,FALSE,10,9,O
OJ11,0.4175,0.4493,0.0524,0.2669,0.0159,0.0161,0.0162,0.0172,11X11TA,8/27/2019,Recycled,PreEDM,FALSE,10,11,O
Ok1,0.4169,0.4486,0.0545,0.2673,0.016,0.0153,0.0158,0.0168,11X11TA,8/27/2019,Recycled,PreEDM,FALSE,11,1,O
Ok2,0.4166,0.4485,0.0537,0.2678,0.0159,0.0152,0.0157,0.0148,11X11TA,8/27/2019,Recycled,PreEDM,FALSE,11,2,O
Ok3,0.4174,0.4482,0.055,0.2688,0.0154,0.0161,0.0157,0.0166,11X11TA,8/27/2019,Recycled,PreEDM,FALSE,11,3,O
Ok4,0.4167,0.4489,0.0544,0.2678,0.0153,0.0149,0.0161,0.0155,11X11TA,8/27/2019,Recycled,PreEDM,FALSE,11,4,O
Ok5,0.4168,0.4476,0.055,0.2674,0.0159,0.0153,0.0165,0.0163,11X11TA,8/27/2019,Recycled,PreEDM,FALSE,11,5,O
Ok6,0.418,0.4487,0.0556,0.2684,0.0159,0.0164,0.0163,0.0156,11X11TA,8/27/2019,Recycled,PreEDM,FALSE,11,6,O
Ok7,0.4167,0.4483,0.0544,0.2677,0.0153,0.0157,0.0159,0.016,11X11TA,8/27/2019,Recycled,PreEDM,FALSE,11,7,O
Ok8,0.4169,0.4488,0.0548,0.2679,0.0158,0.0161,0.0151,0.0152,11X11TA,8/27/2019,Recycled,PreEDM,FALSE,11,8,O
Ok9,0.4165,0.4486,0.0546,0.2676,0.0164,0.0153,0.0172,0.0157,11X11TA,8/27/2019,Recycled,PreEDM,FALSE,11,9,O
Ok10,0.4163,0.4485,0.0533,0.2664,0.0159,0.0164,0.0154,0.0164,11X11TA,8/27/2019,Recycled,PreEDM,FALSE,11,10,O
Ok11,0.4159,0.4479,0.0524,0.2666,0.0158,0.0168,0.0192,0.0164,11X11TA,8/27/2019,Recycled,PreEDM,FALSE,11,11,O
Pa1,0.4165,0.4473,0.0553,0.2669,0.0152,0.0152,0.0165,0.0152,11X11TA,8/28/2019,Recycled,PreEDM,FALSE,1,1,P
Pa2,0.4166,0.4477,0.0551,0.267,0.0156,0.0169,0.0153,0.0156,11X11TA,8/28/2019,Recycled,PreEDM,FALSE,1,2,P
Pa3,0.4166,0.4483,0.0547,0.2678,0.0153,0.0175,0.0158,0.0152,11X11TA,8/28/2019,Recycled,PreEDM,FALSE,1,3,P
Pa4,0.4171,0.4486,0.0546,0.2671,0.0157,0.0166,0.0156,0.016,11X11TA,8/28/2019,Recycled,PreEDM,FALSE,1,4,P
Pa5,0.4162,0.4479,0.0543,0.2669,0.0158,0.0175,0.0145,0.0153,11X11TA,8/28/2019,Recycled,PreEDM,FALSE,1,5,P
Pa6,0.4173,0.449,0.0548,0.2667,0.0151,0.0158,0.0159,0.0155,11X11TA,8/28/2019,Recycled,PreEDM,FALSE,1,6,P
Pa7,0.4171,0.4489,0.0543,0.2669,0.0161,0.0158,0.0156,0.0154,11X11TA,8/28/2019,Recycled,PreEDM,FALSE,1,7,P
Pa8,0.4168,0.4486,0.0538,0.2668,0.0154,0.0158,0.0165,0.0163,11X11TA,8/28/2019,Recycled,PreEDM,FALSE,1,8,P
Pa9,0.4168,0.4484,0.0533,0.2661,0.0154,0.0162,0.016,0.0163,11X11TA,8/28/2019,Recycled,PreEDM,FALSE,1,9,P
Pa10,0.4164,0.4485,0.0536,0.2653,0.0163,0.0165,0.0157,0.016,11X11TA,8/28/2019,Recycled,PreEDM,FALSE,1,10,P
Pa11,0.4161,0.4484,0.0527,0.2642,0.0159,0.0174,0.0152,0.0163,11X11TA,8/28/2019,Recycled,PreEDM,FALSE,1,11,P
Pb1,0.417,0.4481,0.0545,0.2668,0.0146,0.0162,0.0161,0.0157,11X11TA,8/28/2019,Recycled,PreEDM,FALSE,2,1,P
Pb3,0.4173,0.4481,0.0554,0.2674,0.0161,0.0156,0.0155,0.0167,11X11TA,8/28/2019,Recycled,PreEDM,FALSE,2,3,P
Pb4,0.4167,0.4489,0.0551,0.268,0.017,0.0156,0.016,0.0156,11X11TA,8/28/2019,Recycled,PreEDM,FALSE,2,4,P
Pb5,0.417,0.4494,0.0551,0.2675,0.0154,0.0161,0.0157,0.0154,11X11TA,8/28/2019,Recycled,PreEDM,FALSE,2,5,P
Pb7,0.4173,0.449,0.0551,0.2668,0.0157,0.0152,0.016,0.0162,11X11TA,8/28/2019,Recycled,PreEDM,FALSE,2,7,P
Pb8,0.4169,0.4505,0.0553,0.2674,0.0184,0.0155,0.0156,0.0155,11X11TA,8/28/2019,Recycled,PreEDM,FALSE,2,8,P
Pb9,0.4171,0.4481,0.0538,0.2659,0.0164,0.0154,0.0159,0.0158,11X11TA,8/28/2019,Recycled,PreEDM,FALSE,2,9,P
Pb11,0.4173,0.449,0.0518,0.2646,0.0165,0.016,0.0151,0.0152,11X11TA,8/28/2019,Recycled,PreEDM,FALSE,2,11,P
Pc1,0.417,0.4488,0.0544,0.2673,0.0159,0.016,0.0161,0.0158,11X11TA,8/28/2019,Recycled,PreEDM,FALSE,3,1,P
Pc2,0.4172,0.449,0.0543,0.2678,0.0162,0.0164,0.0158,0.0155,11X11TA,8/28/2019,Recycled,PreEDM,FALSE,3,2,P
Pc3,0.4177,0.4483,0.0554,0.268,0.0154,0.0153,0.015,0.0151,11X11TA,8/28/2019,Recycled,PreEDM,FALSE,3,3,P
Pc4,0.417,0.4484,0.0551,0.2678,0.0159,0.016,0.0157,0.0161,11X11TA,8/28/2019,Recycled,PreEDM,FALSE,3,4,P
Pc5,0.4167,0.448,0.0547,0.2679,0.015,0.0167,0.0155,0.0155,11X11TA,8/28/2019,Recycled,PreEDM,FALSE,3,5,P
Pc6,0.4172,0.4485,0.0551,0.2683,0.0156,0.0155,0.0149,0.0145,11X11TA,8/28/2019,Recycled,PreEDM,FALSE,3,6,P
Pc7,0.4177,0.4487,0.0556,0.267,0.0153,0.0153,0.0161,0.0157,11X11TA,8/28/2019,Recycled,PreEDM,FALSE,3,7,P
Pc8,0.4173,0.4481,0.055,0.2669,0.0147,0.0165,0.0154,0.0148,11X11TA,8/28/2019,Recycled,PreEDM,FALSE,3,8,P
Pc9,0.4172,0.4489,0.0548,0.2664,0.0156,0.0157,0.0153,0.0158,11X11TA,8/28/2019,Recycled,PreEDM,FALSE,3,9,P
Pc10,0.4169,0.4494,0.0528,0.2658,0.0156,0.0156,0.0166,0.0169,11X11TA,8/28/2019,Recycled,PreEDM,FALSE,3,10,P
Pc11,0.4172,0.4489,0.0528,0.2646,0.0153,0.016,0.0152,0.0158,11X11TA,8/28/2019,Recycled,PreEDM,FALSE,3,11,P
Pd1,0.4168,0.4485,0.0556,0.2671,0.0153,0.0153,0.0169,0.0149,11X11TA,8/28/2019,Recycled,PreEDM,FALSE,4,1,P
Pd2,0.4169,0.4483,0.0554,0.2672,0.0157,0.0151,0.0154,0.0153,11X11TA,8/28/2019,Recycled,PreEDM,FALSE,4,2,P
Pd3,0.4167,0.4479,0.055,0.2677,0.0152,0.0159,0.0162,0.0157,11X11TA,8/28/2019,Recycled,PreEDM,FALSE,4,3,P
Pd4,0.417,0.4483,0.0546,0.2678,0.0146,0.0153,0.0168,0.0161,11X11TA,8/28/2019,Recycled,PreEDM,FALSE,4,4,P
Pd5,0.4171,0.4485,0.0549,0.2682,0.0148,0.0148,0.0153,0.0157,11X11TA,8/28/2019,Recycled,PreEDM,FALSE,4,5,P
Pd6,0.4173,0.4491,0.0551,0.2681,0.0161,0.0168,0.0152,0.0153,11X11TA,8/28/2019,Recycled,PreEDM,FALSE,4,6,P
Pd7,0.4172,0.4484,0.0555,0.2674,0.016,0.0151,0.0152,0.0164,11X11TA,8/28/2019,Recycled,PreEDM,FALSE,4,7,P
Pd8,0.4168,0.4482,0.0549,0.2674,0.0159,0.0154,0.015,0.0162,11X11TA,8/28/2019,Recycled,PreEDM,FALSE,4,8,P
Pd9,0.4177,0.4485,0.054,0.2672,0.0158,0.0164,0.0156,0.0173,11X11TA,8/28/2019,Recycled,PreEDM,FALSE,4,9,P
Pd10,0.4167,0.4483,0.0528,0.2659,0.0164,0.0155,0.0155,0.0156,11X11TA,8/28/2019,Recycled,PreEDM,FALSE,4,10,P
Pd11,0.417,0.4483,0.0529,0.2661,0.0164,0.015,0.0148,0.0156,11X11TA,8/28/2019,Recycled,PreEDM,FALSE,4,11,P
Pe1,0.418,0.4489,0.0549,0.2678,0.0155,0.0158,0.0152,0.0152,11X11TA,8/28/2019,Recycled,PreEDM,FALSE,5,1,P
Pe2,0.4163,0.448,0.0553,0.2674,0.0142,0.0158,0.0154,0.0163,11X11TA,8/28/2019,Recycled,PreEDM,FALSE,5,2,P
Pe3,0.4178,0.4485,0.0552,0.2676,0.0151,0.0159,0.0155,0.0153,11X11TA,8/28/2019,Recycled,PreEDM,FALSE,5,3,P
Pe4,0.417,0.4485,0.0549,0.2673,0.016,0.0166,0.0149,0.0159,11X11TA,8/28/2019,Recycled,PreEDM,FALSE,5,4,P
Pe5,0.4168,0.4489,0.0553,0.2685,0.017,0.0158,0.0156,0.0167,11X11TA,8/28/2019,Recycled,PreEDM,FALSE,5,5,P
Pe6,0.4175,0.4486,0.0557,0.2684,0.0148,0.0156,0.0164,0.0156,11X11TA,8/28/2019,Recycled,PreEDM,FALSE,5,6,P
Pe7,0.4174,0.4484,0.0555,0.2678,0.0162,0.015,0.0151,0.0151,11X11TA,8/28/2019,Recycled,PreEDM,FALSE,5,7,P
Pe8,0.417,0.4483,0.0544,0.2667,0.0152,0.0155,0.015,0.0155,11X11TA,8/28/2019,Recycled,PreEDM,FALSE,5,8,P
Pe9,0.4169,0.4483,0.0536,0.2671,0.0157,0.016,0.0158,0.0151,11X11TA,8/28/2019,Recycled,PreEDM,FALSE,5,9,P
Pe10,0.417,0.4491,0.0538,0.2658,0.0158,0.0157,0.0154,0.0157,11X11TA,8/28/2019,Recycled,PreEDM,FALSE,5,10,P
Pe11,0.4164,0.4491,0.0524,0.2653,0.0172,0.0166,0.0165,0.0168,11X11TA,8/28/2019,Recycled,PreEDM,FALSE,5,11,P
Pf1,0.4173,0.4479,0.0546,0.2672,0.0154,0.0157,0.0171,0.016,11X11TA,8/28/2019,Recycled,PreEDM,FALSE,6,1,P
Pf3,0.4172,0.4486,0.0547,0.2677,0.0155,0.015,0.0156,0.0155,11X11TA,8/28/2019,Recycled,PreEDM,FALSE,6,3,P
Pf4,0.4174,0.4486,0.0546,0.2678,0.0146,0.0147,0.0149,0.018,11X11TA,8/28/2019,Recycled,PreEDM,FALSE,6,4,P
Pf5,0.417,0.4487,0.0548,0.268,0.0156,0.0151,0.0149,0.0163,11X11TA,8/28/2019,Recycled,PreEDM,FALSE,6,5,P
Pf7,0.4179,0.4488,0.0548,0.2672,0.016,0.0149,0.0157,0.0151,11X11TA,8/28/2019,Recycled,PreEDM,FALSE,6,7,P
Pf8,0.4178,0.4486,0.0541,0.2662,0.0157,0.0168,0.016,0.0151,11X11TA,8/28/2019,Recycled,PreEDM,FALSE,6,8,P
Pf9,0.4179,0.4486,0.054,0.2665,0.0155,0.0151,0.0153,0.0167,11X11TA,8/28/2019,Recycled,PreEDM,FALSE,6,9,P
Pf11,0.4172,0.4494,0.0531,0.2654,0.0158,0.0153,0.0159,0.0168,11X11TA,8/28/2019,Recycled,PreEDM,FALSE,6,11,P
Pg1,0.4172,0.4472,0.0543,0.2675,0.0153,0.0147,0.0165,0.0163,11X11TA,8/28/2019,Recycled,PreEDM,FALSE,7,1,P
Pg2,0.4169,0.4476,0.0549,0.2672,0.0152,0.0159,0.0157,0.0162,11X11TA,8/28/2019,Recycled,PreEDM,FALSE,7,2,P
Pg3,0.4178,0.448,0.0548,0.2683,0.015,0.0147,0.0152,0.0152,11X11TA,8/28/2019,Recycled,PreEDM,FALSE,7,3,P
Pg4,0.4168,0.4486,0.0555,0.2686,0.0149,0.016,0.0154,0.0168,11X11TA,8/28/2019,Recycled,PreEDM,FALSE,7,4,P
Pg5,0.4185,0.4484,0.0553,0.2675,0.0153,0.0148,0.0148,0.015,11X11TA,8/28/2019,Recycled,PreEDM,FALSE,7,5,P
Pg6,0.4168,0.4489,0.0549,0.2676,0.016,0.0156,0.0153,0.016,11X11TA,8/28/2019,Recycled,PreEDM,FALSE,7,6,P
Pg7,0.4164,0.4482,0.0547,0.2675,0.0152,0.0152,0.0153,0.0156,11X11TA,8/28/2019,Recycled,PreEDM,FALSE,7,7,P
Pg8,0.4171,0.4476,0.0543,0.2673,0.0166,0.0154,0.016,0.0159,11X11TA,8/28/2019,Recycled,PreEDM,FALSE,7,8,P
Pg9,0.4173,0.4487,0.0538,0.2667,0.0153,0.0153,0.0161,0.0159,11X11TA,8/28/2019,Recycled,PreEDM,FALSE,7,9,P
Pg10,0.4167,0.449,0.0526,0.2658,0.0151,0.0161,0.0147,0.0156,11X11TA,8/28/2019,Recycled,PreEDM,FALSE,7,10,P
Pg11,0.4169,0.4488,0.0531,0.266,0.0158,0.0158,0.0151,0.0156,11X11TA,8/28/2019,Recycled,PreEDM,FALSE,7,11,P
Ph1,0.418,0.4482,0.0541,0.2673,0.0149,0.015,0.0157,0.0149,11X11TA,8/28/2019,Recycled,PreEDM,FALSE,8,1,P
Ph2,0.4169,0.4487,0.055,0.2678,0.015,0.0165,0.0149,0.0161,11X11TA,8/28/2019,Recycled,PreEDM,FALSE,8,2,P
Ph3,0.4169,0.4481,0.055,0.2675,0.0154,0.0154,0.0151,0.0159,11X11TA,8/28/2019,Recycled,PreEDM,FALSE,8,3,P
Ph4,0.4171,0.4487,0.0556,0.2677,0.0147,0.0156,0.0158,0.0154,11X11TA,8/28/2019,Recycled,PreEDM,FALSE,8,4,P
Ph5,0.4174,0.449,0.0558,0.2677,0.0171,0.0145,0.0152,0.0165,11X11TA,8/28/2019,Recycled,PreEDM,FALSE,8,5,P
Ph6,0.4181,0.4488,0.0547,0.2675,0.0164,0.0151,0.0167,0.0162,11X11TA,8/28/2019,Recycled,PreEDM,FALSE,8,6,P
Ph7,0.4171,0.4487,0.0552,0.2672,0.0144,0.0162,0.015,0.0161,11X11TA,8/28/2019,Recycled,PreEDM,FALSE,8,7,P
Ph8,0.4169,0.4487,0.0538,0.2674,0.0154,0.0159,0.0151,0.0169,11X11TA,8/28/2019,Recycled,PreEDM,FALSE,8,8,P
Ph9,0.4173,0.4485,0.0535,0.2668,0.0154,0.0153,0.0154,0.0163,11X11TA,8/28/2019,Recycled,PreEDM,FALSE,8,9,P
Ph10,0.4168,0.4486,0.0528,0.2659,0.0157,0.0147,0.0154,0.0169,11X11TA,8/28/2019,Recycled,PreEDM,FALSE,8,10,P
Ph11,0.4175,0.4489,0.0526,0.2657,0.0155,0.0153,0.0162,0.0159,11X11TA,8/28/2019,Recycled,PreEDM,FALSE,8,11,P
Pi1,0.4175,0.4488,0.0547,0.2673,0.0149,0.0149,0.0147,0.0155,11X11TA,8/28/2019,Recycled,PreEDM,FALSE,9,1,P
Pi2,0.4173,0.4483,0.0552,0.2679,0.0151,0.0151,0.0159,0.0152,11X11TA,8/28/2019,Recycled,PreEDM,FALSE,9,2,P
Pi3,0.4167,0.449,0.0551,0.2676,0.0171,0.0156,0.0159,0.016,11X11TA,8/28/2019,Recycled,PreEDM,FALSE,9,3,P
Pi4,0.4174,0.4483,0.0556,0.2679,0.0152,0.0158,0.0161,0.0154,11X11TA,8/28/2019,Recycled,PreEDM,FALSE,9,4,P
Pi5,0.4171,0.4483,0.0554,0.2681,0.0151,0.0156,0.0155,0.0155,11X11TA,8/28/2019,Recycled,PreEDM,FALSE,9,5,P
Pi6,0.417,0.4483,0.0544,0.2678,0.0159,0.0156,0.0162,0.0156,11X11TA,8/28/2019,Recycled,PreEDM,FALSE,9,6,P
Pi7,0.4168,0.4477,0.0544,0.2672,0.0144,0.0166,0.0144,0.0159,11X11TA,8/28/2019,Recycled,PreEDM,FALSE,9,7,P
Pi8,0.4176,0.4481,0.0536,0.2676,0.0148,0.0159,0.0164,0.0156,11X11TA,8/28/2019,Recycled,PreEDM,FALSE,9,8,P
Pi9,0.4164,0.4476,0.0536,0.2668,0.0153,0.0158,0.0153,0.0154,11X11TA,8/28/2019,Recycled,PreEDM,FALSE,9,9,P
Pi10,0.4175,0.4488,0.0528,0.2661,0.016,0.0179,0.0154,0.0157,11X11TA,8/28/2019,Recycled,PreEDM,FALSE,9,10,P
Pi11,0.4164,0.4491,0.0516,0.2659,0.0152,0.0155,0.0158,0.0162,11X11TA,8/28/2019,Recycled,PreEDM,FALSE,9,11,P
PJ1,0.4176,0.4487,0.0543,0.2673,0.015,0.0157,0.0172,0.0158,11X11TA,8/28/2019,Recycled,PreEDM,FALSE,10,1,P
PJ3,0.417,0.4489,0.0543,0.2675,0.0153,0.0163,0.0153,0.0168,11X11TA,8/28/2019,Recycled,PreEDM,FALSE,10,3,P
PJ4,0.4168,0.4486,0.0565,0.2681,0.015,0.0145,0.016,0.0156,11X11TA,8/28/2019,Recycled,PreEDM,FALSE,10,4,P
PJ5,0.4167,0.4484,0.0562,0.2684,0.0165,0.0155,0.0165,0.0185,11X11TA,8/28/2019,Recycled,PreEDM,FALSE,10,5,P
PJ7,0.4168,0.4484,0.055,0.2675,0.0154,0.016,0.0157,0.0162,11X11TA,8/28/2019,Recycled,PreEDM,FALSE,10,7,P
PJ8,0.4168,0.4484,0.0538,0.2671,0.0155,0.0152,0.0161,0.0158,11X11TA,8/28/2019,Recycled,PreEDM,FALSE,10,8,P
PJ9,0.4175,0.4482,0.0534,0.2664,0.0161,0.0165,0.0154,0.0159,11X11TA,8/28/2019,Recycled,PreEDM,FALSE,10,9,P
PJ11,0.4172,0.4494,0.0523,0.2653,0.0164,0.0162,0.0165,0.0159,11X11TA,8/28/2019,Recycled,PreEDM,FALSE,10,11,P
Pk1,0.4169,0.4481,0.0537,0.2667,0.0163,0.0146,0.0155,0.0165,11X11TA,8/28/2019,Recycled,PreEDM,FALSE,11,1,P
Pk2,0.417,0.4481,0.0544,0.2674,0.0153,0.0158,0.0152,0.0162,11X11TA,8/28/2019,Recycled,PreEDM,FALSE,11,2,P
Pk3,0.4175,0.4483,0.055,0.2678,0.0156,0.0156,0.0165,0.0155,11X11TA,8/28/2019,Recycled,PreEDM,FALSE,11,3,P
Pk4,0.4166,0.4489,0.0546,0.2681,0.0154,0.0162,0.0157,0.0159,11X11TA,8/28/2019,Recycled,PreEDM,FALSE,11,4,P
Pk5,0.4169,0.4482,0.0546,0.2676,0.0153,0.0159,0.0152,0.0166,11X11TA,8/28/2019,Recycled,PreEDM,FALSE,11,5,P
Pk6,0.4175,0.4489,0.0544,0.2675,0.015,0.0155,0.0153,0.0154,11X11TA,8/28/2019,Recycled,PreEDM,FALSE,11,6,P
Pk7,0.4168,0.4485,0.0548,0.267,0.0172,0.0158,0.0164,0.0156,11X11TA,8/28/2019,Recycled,PreEDM,FALSE,11,7,P
Pk8,0.4166,0.4486,0.0553,0.2669,0.0159,0.015,0.0162,0.0165,11X11TA,8/28/2019,Recycled,PreEDM,FALSE,11,8,P
Pk9,0.4173,0.4495,0.0547,0.2665,0.0164,0.0168,0.0157,0.0152,11X11TA,8/28/2019,Recycled,PreEDM,FALSE,11,9,P
Pk10,0.4171,0.4489,0.0535,0.266,0.0172,0.0166,0.0154,0.0164,11X11TA,8/28/2019,Recycled,PreEDM,FALSE,11,10,P
Pk11,0.4156,0.4481,0.0526,0.2655,0.0162,0.0175,0.0162,0.0156,11X11TA,8/28/2019,Recycled,PreEDM,FALSE,11,11,P
Qa1,0.4172,0.448,0.0541,0.2654,0.0153,0.0158,0.0161,0.016,11X11TA,8/29/2019,Recycled,PreEDM,FALSE,1,1,Q
Qa2,0.4159,0.448,0.0532,0.2656,0.0167,0.0164,0.0163,0.0157,11X11TA,8/29/2019,Recycled,PreEDM,FALSE,1,2,Q
Qa3,0.4161,0.4492,0.0526,0.2647,0.0156,0.0159,0.0165,0.0172,11X11TA,8/29/2019,Recycled,PreEDM,FALSE,1,3,Q
Qa4,0.4168,0.4496,0.0528,0.2651,0.0181,0.0152,0.0167,0.017,11X11TA,8/29/2019,Recycled,PreEDM,FALSE,1,4,Q
Qa5,0.4163,0.4495,0.054,0.2651,0.0151,0.0164,0.0154,0.0177,11X11TA,8/29/2019,Recycled,PreEDM,FALSE,1,5,Q
Qa6,0.4167,0.4495,0.053,0.2651,0.0152,0.0172,0.0164,0.0156,11X11TA,8/29/2019,Recycled,PreEDM,TRUE,1,6,Q
Qa7,0.4175,0.45,0.0528,0.2649,0.0169,0.0156,0.0167,0.0162,11X11TA,8/29/2019,Recycled,PreEDM,FALSE,1,7,Q
Qa8,0.4163,0.4489,0.0534,0.264,0.0167,0.0162,0.0164,0.0171,11X11TA,8/29/2019,Recycled,PreEDM,FALSE,1,8,Q
Qa9,0.4162,0.4488,0.0522,0.2642,0.0157,0.0171,0.0172,0.0156,11X11TA,8/29/2019,Recycled,PreEDM,FALSE,1,9,Q
Qa10,0.4169,0.4487,0.0512,0.2639,0.0154,0.0159,0.0161,0.0162,11X11TA,8/29/2019,Recycled,PreEDM,FALSE,1,10,Q
Qa11,0.4149,0.448,0.0512,0.2631,0.0148,0.0168,0.0152,0.0156,11X11TA,8/29/2019,Recycled,PreEDM,FALSE,1,11,Q
Qb1,0.4162,0.4488,0.0534,0.2657,0.0157,0.0153,0.0168,0.0157,11X11TA,8/29/2019,Recycled,PreEDM,TRUE,2,1,Q
Qb3,0.4172,0.4493,0.0544,0.2664,0.0144,0.0155,0.0154,0.016,11X11TA,8/29/2019,Recycled,PreEDM,FALSE,2,3,Q
Qb4,0.4172,0.4492,0.0541,0.2662,0.0155,0.0153,0.0156,0.0165,11X11TA,8/29/2019,Recycled,PreEDM,FALSE,2,4,Q
Qb5,0.4152,0.4491,0.0532,0.2656,0.0145,0.0173,0.0163,0.0154,11X11TA,8/29/2019,Recycled,PreEDM,FALSE,2,5,Q
Qb7,0.4182,0.4502,0.0543,0.2659,0.0161,0.0152,0.0166,0.0158,11X11TA,8/29/2019,Recycled,PreEDM,FALSE,2,7,Q
Qb8,0.4169,0.4487,0.0527,0.2649,0.0168,0.0167,0.0167,0.0164,11X11TA,8/29/2019,Recycled,PreEDM,FALSE,2,8,Q
Qb9,0.4161,0.4491,0.0528,0.2644,0.0162,0.0162,0.0165,0.0152,11X11TA,8/29/2019,Recycled,PreEDM,FALSE,2,9,Q
Qb11,0.4164,0.4487,0.0511,0.2637,0.0164,0.0154,0.0154,0.0166,11X11TA,8/29/2019,Recycled,PreEDM,FALSE,2,11,Q
Qc1,0.4162,0.4494,0.0532,0.2661,0.0155,0.0156,0.0156,0.0155,11X11TA,8/29/2019,Recycled,PreEDM,FALSE,3,1,Q
Qc2,0.4168,0.4488,0.0533,0.2661,0.015,0.016,0.0164,0.0148,11X11TA,8/29/2019,Recycled,PreEDM,FALSE,3,2,Q
Qc3,0.4169,0.4487,0.054,0.2665,0.0152,0.0152,0.0152,0.0157,11X11TA,8/29/2019,Recycled,PreEDM,FALSE,3,3,Q
Qc4,0.4173,0.4488,0.0535,0.2659,0.0154,0.0171,0.0159,0.0148,11X11TA,8/29/2019,Recycled,PreEDM,FALSE,3,4,Q
Qc5,0.4168,0.4486,0.0535,0.266,0.0154,0.0153,0.0151,0.0152,11X11TA,8/29/2019,Recycled,PreEDM,FALSE,3,5,Q
Qc6,0.417,0.4491,0.0531,0.2655,0.0155,0.0167,0.016,0.0157,11X11TA,8/29/2019,Recycled,PreEDM,FALSE,3,6,Q
Qc7,0.4171,0.4497,0.0526,0.265,0.0151,0.0167,0.015,0.0158,11X11TA,8/29/2019,Recycled,PreEDM,FALSE,3,7,Q
Qc8,0.4171,0.4487,0.053,0.2652,0.017,0.015,0.0149,0.0154,11X11TA,8/29/2019,Recycled,PreEDM,FALSE,3,8,Q
Qc9,0.4171,0.4491,0.0531,0.265,0.0175,0.0167,0.0169,0.0153,11X11TA,8/29/2019,Recycled,PreEDM,FALSE,3,9,Q
Qc10,0.4169,0.4487,0.0524,0.2647,0.0147,0.016,0.0155,0.0166,11X11TA,8/29/2019,Recycled,PreEDM,FALSE,3,10,Q
Qc11,0.4167,0.4486,0.0508,0.2643,0.0159,0.0155,0.0152,0.0157,11X11TA,8/29/2019,Recycled,PreEDM,FALSE,3,11,Q
Qd1,0.4166,0.4478,0.0532,0.2657,0.0153,0.0158,0.0164,0.0162,11X11TA,8/29/2019,Recycled,PreEDM,FALSE,4,1,Q
Qd2,0.4166,0.4486,0.0538,0.2659,0.016,0.0156,0.0159,0.0157,11X11TA,8/29/2019,Recycled,PreEDM,FALSE,4,2,Q
Qd3,0.417,0.448,0.0536,0.2659,0.0156,0.0156,0.0154,0.0151,11X11TA,8/29/2019,Recycled,PreEDM,FALSE,4,3,Q
Qd4,0.4175,0.4486,0.0533,0.266,0.0155,0.0156,0.0153,0.0155,11X11TA,8/29/2019,Recycled,PreEDM,FALSE,4,4,Q
Qd5,0.4166,0.4486,0.0534,0.2663,0.0156,0.0155,0.0148,0.0165,11X11TA,8/29/2019,Recycled,PreEDM,FALSE,4,5,Q
Qd6,0.4173,0.4489,0.054,0.2665,0.0163,0.0151,0.0151,0.0151,11X11TA,8/29/2019,Recycled,PreEDM,FALSE,4,6,Q
Qd7,0.4166,0.4488,0.0536,0.2662,0.016,0.0165,0.0151,0.015,11X11TA,8/29/2019,Recycled,PreEDM,TRUE,4,7,Q
Qd8,0.417,0.4485,0.0534,0.2653,0.0165,0.0153,0.0158,0.016,11X11TA,8/29/2019,Recycled,PreEDM,FALSE,4,8,Q
Qd9,0.4173,0.4487,0.0523,0.2658,0.0154,0.0149,0.016,0.0163,11X11TA,8/29/2019,Recycled,PreEDM,FALSE,4,9,Q
Qd10,0.4162,0.4492,0.0522,0.2648,0.0155,0.0165,0.0165,0.0161,11X11TA,8/29/2019,Recycled,PreEDM,FALSE,4,10,Q
Qd11,0.4171,0.4488,0.0508,0.2644,0.0157,0.0159,0.016,0.0164,11X11TA,8/29/2019,Recycled,PreEDM,FALSE,4,11,Q
Qe1,0.4179,0.4493,0.0539,0.2662,0.015,0.0167,0.0163,0.0156,11X11TA,8/29/2019,Recycled,PreEDM,FALSE,5,1,Q
Qe2,0.4168,0.4478,0.0545,0.2662,0.0149,0.0153,0.0149,0.0156,11X11TA,8/29/2019,Recycled,PreEDM,FALSE,5,2,Q
Qe3,0.4176,0.4484,0.0539,0.2662,0.0157,0.0166,0.0158,0.0152,11X11TA,8/29/2019,Recycled,PreEDM,FALSE,5,3,Q
Qe4,0.4169,0.449,0.0541,0.266,0.0151,0.0168,0.0165,0.0153,11X11TA,8/29/2019,Recycled,PreEDM,FALSE,5,4,Q
Qe5,0.417,0.4486,0.0535,0.266,0.0158,0.0158,0.0157,0.0161,11X11TA,8/29/2019,Recycled,PreEDM,FALSE,5,5,Q
Qe6,0.4173,0.4491,0.0535,0.2663,0.0153,0.0146,0.0169,0.0163,11X11TA,8/29/2019,Recycled,PreEDM,FALSE,5,6,Q
Qe7,0.4174,0.4486,0.054,0.266,0.0159,0.0152,0.015,0.0161,11X11TA,8/29/2019,Recycled,PreEDM,FALSE,5,7,Q
Qe8,0.4174,0.4484,0.0527,0.2655,0.0154,0.0153,0.0152,0.0158,11X11TA,8/29/2019,Recycled,PreEDM,FALSE,5,8,Q
Qe9,0.4165,0.4483,0.0528,0.2656,0.0154,0.0151,0.0162,0.0157,11X11TA,8/29/2019,Recycled,PreEDM,FALSE,5,9,Q
Qe10,0.4175,0.4489,0.052,0.2651,0.0156,0.017,0.0147,0.0168,11X11TA,8/29/2019,Recycled,PreEDM,FALSE,5,10,Q
Qe11,0.417,0.4485,0.051,0.2641,0.0166,0.0164,0.016,0.0161,11X11TA,8/29/2019,Recycled,PreEDM,FALSE,5,11,Q
Qf1,0.4175,0.4486,0.0535,0.2663,0.0146,0.0153,0.0154,0.0149,11X11TA,8/29/2019,Recycled,PreEDM,FALSE,6,1,Q
Qf3,0.4175,0.4488,0.0536,0.2668,0.015,0.0147,0.0158,0.016,11X11TA,8/29/2019,Recycled,PreEDM,FALSE,6,3,Q
Qf4,0.4171,0.4489,0.054,0.2665,0.0154,0.015,0.0152,0.0163,11X11TA,8/29/2019,Recycled,PreEDM,FALSE,6,4,Q
Qf5,0.417,0.4478,0.0536,0.2661,0.015,0.0155,0.0168,0.0167,11X11TA,8/29/2019,Recycled,PreEDM,FALSE,6,5,Q
Qf7,0.4173,0.449,0.0539,0.2659,0.015,0.0161,0.0159,0.0157,11X11TA,8/29/2019,Recycled,PreEDM,FALSE,6,7,Q
Qf8,0.417,0.4483,0.0524,0.2649,0.015,0.0161,0.0156,0.016,11X11TA,8/29/2019,Recycled,PreEDM,FALSE,6,8,Q
Qf9,0.4174,0.4491,0.0532,0.2653,0.0156,0.0159,0.0157,0.0179,11X11TA,8/29/2019,Recycled,PreEDM,FALSE,6,9,Q
Qf11,0.4162,0.449,0.0514,0.2642,0.0161,0.0155,0.0158,0.0156,11X11TA,8/29/2019,Recycled,PreEDM,FALSE,6,11,Q
Qg1,0.4168,0.4485,0.0536,0.2663,0.0153,0.0144,0.0166,0.0153,11X11TA,8/29/2019,Recycled,PreEDM,FALSE,7,1,Q
Qg2,0.4171,0.4478,0.0532,0.2663,0.015,0.0156,0.015,0.0161,11X11TA,8/29/2019,Recycled,PreEDM,FALSE,7,2,Q
Qg3,0.4167,0.4484,0.0537,0.2666,0.0151,0.015,0.0153,0.0155,11X11TA,8/29/2019,Recycled,PreEDM,FALSE,7,3,Q
Qg4,0.4172,0.4481,0.0539,0.2661,0.0149,0.0167,0.0152,0.0146,11X11TA,8/29/2019,Recycled,PreEDM,FALSE,7,4,Q
Qg5,0.4177,0.449,0.0533,0.2667,0.0163,0.0149,0.0157,0.0153,11X11TA,8/29/2019,Recycled,PreEDM,FALSE,7,5,Q
Qg6,0.4178,0.4484,0.0529,0.2662,0.0157,0.015,0.0154,0.0152,11X11TA,8/29/2019,Recycled,PreEDM,FALSE,7,6,Q
Qg7,0.4168,0.4484,0.0531,0.2656,0.0153,0.0154,0.0163,0.0158,11X11TA,8/29/2019,Recycled,PreEDM,FALSE,7,7,Q
Qg8,0.4171,0.4486,0.0534,0.2663,0.0159,0.0146,0.0154,0.0151,11X11TA,8/29/2019,Recycled,PreEDM,FALSE,7,8,Q
Qg9,0.4172,0.4487,0.0523,0.265,0.0156,0.0152,0.0159,0.0171,11X11TA,8/29/2019,Recycled,PreEDM,FALSE,7,9,Q
Qg10,0.4173,0.4481,0.0515,0.2647,0.0179,0.0154,0.0157,0.0165,11X11TA,8/29/2019,Recycled,PreEDM,FALSE,7,10,Q
Qg11,0.4174,0.449,0.052,0.2649,0.017,0.0168,0.0156,0.0162,11X11TA,8/29/2019,Recycled,PreEDM,FALSE,7,11,Q
Qh1,0.4173,0.4488,0.054,0.2663,0.0159,0.0155,0.0159,0.0155,11X11TA,8/29/2019,Recycled,PreEDM,FALSE,8,1,Q
Qh2,0.4175,0.4489,0.0534,0.2664,0.016,0.0156,0.0166,0.0159,11X11TA,8/29/2019,Recycled,PreEDM,FALSE,8,2,Q
Qh3,0.4168,0.4483,0.0547,0.2661,0.0148,0.0152,0.0166,0.0153,11X11TA,8/29/2019,Recycled,PreEDM,FALSE,8,3,Q
Qh4,0.4168,0.4485,0.0535,0.2668,0.0155,0.0153,0.0153,0.0184,11X11TA,8/29/2019,Recycled,PreEDM,FALSE,8,4,Q
Qh5,0.4173,0.449,0.0537,0.2664,0.0157,0.0152,0.015,0.0163,11X11TA,8/29/2019,Recycled,PreEDM,FALSE,8,5,Q
Qh6,0.4172,0.4501,0.0537,0.2663,0.0156,0.0158,0.0159,0.0166,11X11TA,8/29/2019,Recycled,PreEDM,FALSE,8,6,Q
Qh7,0.4175,0.4488,0.0531,0.2659,0.0166,0.0159,0.0155,0.016,11X11TA,8/29/2019,Recycled,PreEDM,FALSE,8,7,Q
Qh8,0.417,0.4491,0.0526,0.2659,0.0155,0.0152,0.0159,0.0158,11X11TA,8/29/2019,Recycled,PreEDM,FALSE,8,8,Q
Qh9,0.4173,0.4488,0.0522,0.2652,0.0163,0.0157,0.0152,0.0155,11X11TA,8/29/2019,Recycled,PreEDM,FALSE,8,9,Q
Qh10,0.4169,0.448,0.0522,0.2649,0.0159,0.0163,0.0164,0.0154,11X11TA,8/29/2019,Recycled,PreEDM,FALSE,8,10,Q
Qh11,0.4177,0.449,0.0511,0.2646,0.0164,0.0153,0.016,0.0163,11X11TA,8/29/2019,Recycled,PreEDM,FALSE,8,11,Q
Qi1,0.4172,0.4484,0.0537,0.2668,0.0163,0.0165,0.0161,0.016,11X11TA,8/29/2019,Recycled,PreEDM,FALSE,9,1,Q
Qi2,0.4171,0.4485,0.0536,0.2662,0.0145,0.0146,0.0159,0.0155,11X11TA,8/29/2019,Recycled,PreEDM,FALSE,9,2,Q
Qi3,0.4173,0.4483,0.0536,0.2668,0.0153,0.0161,0.0156,0.0151,11X11TA,8/29/2019,Recycled,PreEDM,FALSE,9,3,Q
Qi4,0.4174,0.4488,0.0544,0.266,0.0165,0.015,0.0158,0.0153,11X11TA,8/29/2019,Recycled,PreEDM,FALSE,9,4,Q
Qi5,0.4166,0.448,0.0544,0.2674,0.0151,0.0161,0.0163,0.0163,11X11TA,8/29/2019,Recycled,PreEDM,FALSE,9,5,Q
Qi6,0.4174,0.4483,0.0539,0.2671,0.0146,0.0152,0.0162,0.0157,11X11TA,8/29/2019,Recycled,PreEDM,FALSE,9,6,Q
Qi7,0.4168,0.4481,0.0533,0.2663,0.015,0.016,0.0167,0.0157,11X11TA,8/29/2019,Recycled,PreEDM,FALSE,9,7,Q
Qi8,0.4173,0.4486,0.0536,0.2654,0.0156,0.0157,0.0163,0.0159,11X11TA,8/29/2019,Recycled,PreEDM,FALSE,9,8,Q
Qi9,0.4176,0.448,0.0517,0.2654,0.0149,0.0157,0.0155,0.0164,11X11TA,8/29/2019,Recycled,PreEDM,FALSE,9,9,Q
Qi10,0.4172,0.4481,0.0513,0.2651,0.0156,0.0157,0.0152,0.0163,11X11TA,8/29/2019,Recycled,PreEDM,FALSE,9,10,Q
Qi11,0.4168,0.4486,0.0507,0.2647,0.0153,0.0158,0.0169,0.0171,11X11TA,8/29/2019,Recycled,PreEDM,FALSE,9,11,Q
QJ1,0.4167,0.448,0.0537,0.2666,0.0166,0.0156,0.0155,0.0167,11X11TA,8/29/2019,Recycled,PreEDM,FALSE,10,1,Q
QJ3,0.4166,0.4488,0.0533,0.2667,0.0155,0.0162,0.0167,0.0155,11X11TA,8/29/2019,Recycled,PreEDM,FALSE,10,3,Q
QJ4,0.4168,0.4483,0.0536,0.2662,0.0142,0.0154,0.0168,0.016,11X11TA,8/29/2019,Recycled,PreEDM,FALSE,10,4,Q
QJ5,0.4167,0.4475,0.0534,0.2671,0.0147,0.0158,0.0163,0.0173,11X11TA,8/29/2019,Recycled,PreEDM,FALSE,10,5,Q
QJ7,0.4171,0.4499,0.053,0.2658,0.0162,0.0152,0.0149,0.0164,11X11TA,8/29/2019,Recycled,PreEDM,FALSE,10,7,Q
QJ8,0.4174,0.4486,0.0524,0.266,0.0167,0.0164,0.0163,0.016,11X11TA,8/29/2019,Recycled,PreEDM,FALSE,10,8,Q
QJ9,0.4173,0.4485,0.0517,0.2654,0.0177,0.0157,0.0153,0.0166,11X11TA,8/29/2019,Recycled,PreEDM,FALSE,10,9,Q
QJ11,0.4168,0.4492,0.0514,0.2648,0.0152,0.015,0.0159,0.0157,11X11TA,8/29/2019,Recycled,PreEDM,FALSE,10,11,Q
Qk1,0.4166,0.4485,0.0535,0.2661,0.0161,0.015,0.0152,0.0166,11X11TA,8/29/2019,Recycled,PreEDM,FALSE,11,1,Q
Qk2,0.417,0.448,0.0538,0.266,0.015,0.0166,0.0167,0.0153,11X11TA,8/29/2019,Recycled,PreEDM,FALSE,11,2,Q
Qk3,0.4173,0.4483,0.053,0.2664,0.0162,0.0153,0.0165,0.0162,11X11TA,8/29/2019,Recycled,PreEDM,FALSE,11,3,Q
Qk4,0.4167,0.4481,0.054,0.2671,0.0156,0.0149,0.0149,0.0168,11X11TA,8/29/2019,Recycled,PreEDM,FALSE,11,4,Q
Qk5,0.4167,0.4494,0.0545,0.2665,0.0192,0.0156,0.015,0.0162,11X11TA,8/29/2019,Recycled,PreEDM,TRUE,11,5,Q
Qk6,0.4177,0.4491,0.0531,0.2668,0.0155,0.0155,0.0165,0.0158,11X11TA,8/29/2019,Recycled,PreEDM,FALSE,11,6,Q
Qk7,0.4167,0.4485,0.0529,0.2662,0.0159,0.0154,0.0155,0.0159,11X11TA,8/29/2019,Recycled,PreEDM,TRUE,11,7,Q
Qk8,0.417,0.449,0.052,0.266,0.0148,0.0157,0.0156,0.0164,11X11TA,8/29/2019,Recycled,PreEDM,FALSE,11,8,Q
Qk9,0.4174,0.4487,0.053,0.2651,0.0155,0.0159,0.015,0.016,11X11TA,8/29/2019,Recycled,PreEDM,FALSE,11,9,Q
Qk10,0.4164,0.4488,0.0512,0.2651,0.0164,0.0158,0.0166,0.0163,11X11TA,8/29/2019,Recycled,PreEDM,FALSE,11,10,Q
Qk11,0.4151,0.4477,0.0509,0.2643,0.0155,0.0163,0.0157,0.0155,11X11TA,8/29/2019,Recycled,PreEDM,FALSE,11,11,Q
Ra1,0.4164,0.4511,0.0548,0.2664,0.0182,0.017,0.0167,0.017,11X11TA,8/30/2019,Recycled,PreEDM,FALSE,1,1,R
Ra2,0.4165,0.4503,0.0553,0.2666,0.0194,0.0163,0.0168,0.0161,11X11TA,8/30/2019,Recycled,PreEDM,FALSE,1,2,R
Ra3,0.4173,0.451,0.0556,0.2673,0.0179,0.0167,0.017,0.0151,11X11TA,8/30/2019,Recycled,PreEDM,FALSE,1,3,R
Ra4,0.4177,0.4512,0.0544,0.2665,0.0186,0.0158,0.0175,0.0158,11X11TA,8/30/2019,Recycled,PreEDM,FALSE,1,4,R
Ra5,0.4168,0.4503,0.055,0.267,0.0167,0.0168,0.0157,0.0161,11X11TA,8/30/2019,Recycled,PreEDM,FALSE,1,5,R
Ra6,0.4182,0.4497,0.0548,0.267,0.0156,0.0153,0.015,0.0151,11X11TA,8/30/2019,Recycled,PreEDM,FALSE,1,6,R
Ra7,0.4181,0.4503,0.0545,0.2663,0.0166,0.0158,0.0164,0.0151,11X11TA,8/30/2019,Recycled,PreEDM,FALSE,1,7,R
Ra8,0.4177,0.4499,0.0529,0.266,0.0157,0.0161,0.015,0.0175,11X11TA,8/30/2019,Recycled,PreEDM,FALSE,1,8,R
Ra9,0.4182,0.4501,0.053,0.2658,0.0154,0.0158,0.0141,0.0151,11X11TA,8/30/2019,Recycled,PreEDM,FALSE,1,9,R
Ra10,0.4174,0.4496,0.0521,0.2654,0.0156,0.0165,0.0155,0.0162,11X11TA,8/30/2019,Recycled,PreEDM,FALSE,1,10,R
Ra11,0.4174,0.4483,0.0526,0.2643,0.0146,0.0163,0.0157,0.0153,11X11TA,8/30/2019,Recycled,PreEDM,FALSE,1,11,R
Rb1,0.4159,0.452,0.0549,0.2675,0.0176,0.0151,0.0188,0.0146,11X11TA,8/30/2019,Recycled,PreEDM,FALSE,2,1,R
Rb3,0.4168,0.451,0.0547,0.2682,0.017,0.0153,0.0178,0.0154,11X11TA,8/30/2019,Recycled,PreEDM,FALSE,2,3,R
Rb4,0.4171,0.4502,0.0549,0.2676,0.0188,0.0158,0.0172,0.0163,11X11TA,8/30/2019,Recycled,PreEDM,FALSE,2,4,R
Rb5,0.4174,0.4496,0.0546,0.2679,0.0158,0.0151,0.0167,0.0158,11X11TA,8/30/2019,Recycled,PreEDM,FALSE,2,5,R
Rb7,0.4178,0.4498,0.0539,0.2673,0.0152,0.0161,0.0155,0.0164,11X11TA,8/30/2019,Recycled,PreEDM,FALSE,2,7,R
Rb8,0.4189,0.4495,0.0533,0.2668,0.0149,0.0155,0.0163,0.016,11X11TA,8/30/2019,Recycled,PreEDM,FALSE,2,8,R
Rb9,0.4184,0.4497,0.0526,0.2659,0.0156,0.0161,0.0146,0.0152,11X11TA,8/30/2019,Recycled,PreEDM,FALSE,2,9,R
Rb11,0.4188,0.4499,0.0517,0.2648,0.0167,0.0159,0.0153,0.0152,11X11TA,8/30/2019,Recycled,PreEDM,FALSE,2,11,R
Rc1,0.4159,0.4513,0.0549,0.2671,0.0181,0.0156,0.0194,0.0153,11X11TA,8/30/2019,Recycled,PreEDM,FALSE,3,1,R
Rc2,0.4168,0.4513,0.055,0.2676,0.0185,0.016,0.0175,0.0153,11X11TA,8/30/2019,Recycled,PreEDM,FALSE,3,2,R
Rc3,0.4164,0.4512,0.0538,0.2671,0.0171,0.0162,0.0178,0.0158,11X11TA,8/30/2019,Recycled,PreEDM,FALSE,3,3,R
Rc4,0.4167,0.4507,0.0541,0.2676,0.0181,0.0158,0.0177,0.0152,11X11TA,8/30/2019,Recycled,PreEDM,FALSE,3,4,R
Rc5,0.4171,0.4503,0.0542,0.2673,0.0173,0.016,0.0163,0.0158,11X11TA,8/30/2019,Recycled,PreEDM,FALSE,3,5,R
Rc6,0.4177,0.4509,0.0551,0.2675,0.0168,0.0162,0.0173,0.0157,11X11TA,8/30/2019,Recycled,PreEDM,FALSE,3,6,R
Rc7,0.4175,0.4503,0.0542,0.2672,0.0161,0.0156,0.0156,0.0153,11X11TA,8/30/2019,Recycled,PreEDM,FALSE,3,7,R
Rc8,0.4184,0.4495,0.0532,0.2664,0.0163,0.0162,0.015,0.016,11X11TA,8/30/2019,Recycled,PreEDM,FALSE,3,8,R
Rc9,0.4176,0.4496,0.053,0.2669,0.0153,0.0158,0.0168,0.0155,11X11TA,8/30/2019,Recycled,PreEDM,FALSE,3,9,R
Rc10,0.4188,0.4502,0.0524,0.2659,0.0149,0.0154,0.0168,0.0163,11X11TA,8/30/2019,Recycled,PreEDM,FALSE,3,10,R
Rc11,0.4175,0.4502,0.0521,0.2654,0.0155,0.0163,0.0156,0.0159,11X11TA,8/30/2019,Recycled,PreEDM,FALSE,3,11,R
Rd1,0.4156,0.4528,0.0551,0.2664,0.0198,0.0165,0.0189,0.0162,11X11TA,8/30/2019,Recycled,PreEDM,FALSE,4,1,R
Rd2,0.4162,0.4516,0.0553,0.2682,0.0175,0.0161,0.018,0.0167,11X11TA,8/30/2019,Recycled,PreEDM,FALSE,4,2,R
Rd3,0.4158,0.4506,0.0555,0.268,0.0165,0.0159,0.0182,0.0156,11X11TA,8/30/2019,Recycled,PreEDM,FALSE,4,3,R
Rd4,0.4165,0.4501,0.0547,0.2675,0.0173,0.0154,0.0176,0.0163,11X11TA,8/30/2019,Recycled,PreEDM,FALSE,4,4,R
Rd5,0.4167,0.4501,0.0537,0.2676,0.0155,0.0152,0.0168,0.0169,11X11TA,8/30/2019,Recycled,PreEDM,FALSE,4,5,R
Rd6,0.4179,0.4505,0.056,0.2685,0.0167,0.016,0.0165,0.0156,11X11TA,8/30/2019,Recycled,PreEDM,FALSE,4,6,R
Rd7,0.4171,0.4498,0.0544,0.2673,0.0156,0.0153,0.0177,0.015,11X11TA,8/30/2019,Recycled,PreEDM,FALSE,4,7,R
Rd8,0.4179,0.4498,0.0545,0.2675,0.0151,0.0149,0.0154,0.0166,11X11TA,8/30/2019,Recycled,PreEDM,FALSE,4,8,R
Rd9,0.4177,0.4496,0.0533,0.2669,0.0152,0.0152,0.0152,0.0163,11X11TA,8/30/2019,Recycled,PreEDM,FALSE,4,9,R
Rd10,0.4178,0.4497,0.0517,0.2659,0.015,0.0162,0.0159,0.0168,11X11TA,8/30/2019,Recycled,PreEDM,FALSE,4,10,R
Rd11,0.418,0.4502,0.0525,0.2657,0.0155,0.0157,0.0147,0.0164,11X11TA,8/30/2019,Recycled,PreEDM,FALSE,4,11,R
Re1,0.4159,0.4531,0.0542,0.2664,0.0195,0.0163,0.0192,0.0164,11X11TA,8/30/2019,Recycled,PreEDM,FALSE,5,1,R
Re2,0.4155,0.452,0.0542,0.2673,0.0178,0.0175,0.0169,0.0162,11X11TA,8/30/2019,Recycled,PreEDM,FALSE,5,2,R
Re3,0.4165,0.4516,0.0541,0.2678,0.0174,0.0164,0.0202,0.0159,11X11TA,8/30/2019,Recycled,PreEDM,FALSE,5,3,R
Re4,0.4155,0.4513,0.0539,0.2677,0.0172,0.017,0.0174,0.0166,11X11TA,8/30/2019,Recycled,PreEDM,FALSE,5,4,R
Re5,0.4165,0.4507,0.0549,0.2684,0.0168,0.0156,0.0168,0.0165,11X11TA,8/30/2019,Recycled,PreEDM,FALSE,5,5,R
Re6,0.417,0.4508,0.054,0.2677,0.0168,0.0162,0.0163,0.0169,11X11TA,8/30/2019,Recycled,PreEDM,FALSE,5,6,R
Re7,0.4166,0.4501,0.0539,0.2675,0.0161,0.0161,0.0166,0.0169,11X11TA,8/30/2019,Recycled,PreEDM,FALSE,5,7,R
Re8,0.4168,0.45,0.0536,0.2671,0.0166,0.0156,0.016,0.0167,11X11TA,8/30/2019,Recycled,PreEDM,FALSE,5,8,R
Re9,0.417,0.4507,0.0531,0.2669,0.015,0.017,0.0153,0.0164,11X11TA,8/30/2019,Recycled,PreEDM,FALSE,5,9,R
Re10,0.4183,0.4502,0.0518,0.2667,0.0154,0.0161,0.015,0.0169,11X11TA,8/30/2019,Recycled,PreEDM,FALSE,5,10,R
Re11,0.4177,0.4502,0.0518,0.2655,0.0161,0.0163,0.0154,0.0171,11X11TA,8/30/2019,Recycled,PreEDM,FALSE,5,11,R
Rf1,0.4155,0.4528,0.0543,0.267,0.0184,0.0173,0.02,0.0174,11X11TA,8/30/2019,Recycled,PreEDM,FALSE,6,1,R
Rf3,0.4155,0.4519,0.0538,0.2675,0.0182,0.0161,0.0187,0.0158,11X11TA,8/30/2019,Recycled,PreEDM,FALSE,6,3,R
Rf4,0.4168,0.4518,0.0551,0.2674,0.0175,0.0169,0.0179,0.0171,11X11TA,8/30/2019,Recycled,PreEDM,FALSE,6,4,R
Rf5,0.416,0.4507,0.055,0.2681,0.0172,0.0175,0.0182,0.017,11X11TA,8/30/2019,Recycled,PreEDM,FALSE,6,5,R
Rf7,0.4168,0.4514,0.0542,0.2668,0.0162,0.0164,0.0172,0.0167,11X11TA,8/30/2019,Recycled,PreEDM,FALSE,6,7,R
Rf8,0.417,0.4506,0.0535,0.2671,0.0157,0.0165,0.0161,0.0174,11X11TA,8/30/2019,Recycled,PreEDM,FALSE,6,8,R
Rf9,0.4174,0.4511,0.0527,0.2668,0.0164,0.0162,0.0157,0.0183,11X11TA,8/30/2019,Recycled,PreEDM,FALSE,6,9,R
Rf11,0.4177,0.4511,0.0518,0.2655,0.0167,0.017,0.0149,0.0162,11X11TA,8/30/2019,Recycled,PreEDM,FALSE,6,11,R
Rg1,0.4154,0.4528,0.0538,0.267,0.0193,0.0176,0.0206,0.0191,11X11TA,8/30/2019,Recycled,PreEDM,FALSE,7,1,R
Rg2,0.415,0.452,0.0553,0.2675,0.0183,0.0176,0.0188,0.0172,11X11TA,8/30/2019,Recycled,PreEDM,FALSE,7,2,R
Rg3,0.4154,0.4515,0.0546,0.2683,0.0177,0.0172,0.0186,0.0175,11X11TA,8/30/2019,Recycled,PreEDM,FALSE,7,3,R
Rg4,0.4154,0.4517,0.0539,0.2673,0.0187,0.018,0.0179,0.0181,11X11TA,8/30/2019,Recycled,PreEDM,FALSE,7,4,R
Rg5,0.4157,0.4518,0.054,0.2681,0.0167,0.017,0.0175,0.0179,11X11TA,8/30/2019,Recycled,PreEDM,FALSE,7,5,R
Rg6,0.4169,0.4518,0.0539,0.2677,0.0162,0.0178,0.0181,0.0168,11X11TA,8/30/2019,Recycled,PreEDM,FALSE,7,6,R
Rg7,0.4158,0.4509,0.0545,0.2672,0.016,0.017,0.0166,0.0178,11X11TA,8/30/2019,Recycled,PreEDM,FALSE,7,7,R
Rg8,0.4164,0.4505,0.0529,0.267,0.0159,0.0169,0.0165,0.0175,11X11TA,8/30/2019,Recycled,PreEDM,FALSE,7,8,R
Rg9,0.4168,0.4505,0.0531,0.2668,0.0166,0.0168,0.0155,0.0165,11X11TA,8/30/2019,Recycled,PreEDM,FALSE,7,9,R
Rg10,0.4166,0.4514,0.052,0.2656,0.0167,0.0177,0.0169,0.0185,11X11TA,8/30/2019,Recycled,PreEDM,FALSE,7,10,R
Rg11,0.4162,0.4508,0.0526,0.2652,0.0155,0.0173,0.0154,0.0189,11X11TA,8/30/2019,Recycled,PreEDM,FALSE,7,11,R
Rh1,0.4155,0.453,0.0539,0.2674,0.0184,0.0178,0.0191,0.0182,11X11TA,8/30/2019,Recycled,PreEDM,FALSE,8,1,R
Rh2,0.4146,0.4529,0.0552,0.2676,0.0183,0.0173,0.0195,0.0179,11X11TA,8/30/2019,Recycled,PreEDM,FALSE,8,2,R
Rh3,0.4144,0.4527,0.0558,0.2674,0.0183,0.0178,0.0189,0.0179,11X11TA,8/30/2019,Recycled,PreEDM,FALSE,8,3,R
Rh4,0.4163,0.4526,0.0548,0.2678,0.0172,0.0181,0.0191,0.0179,11X11TA,8/30/2019,Recycled,PreEDM,FALSE,8,4,R
Rh5,0.4157,0.4515,0.0547,0.2679,0.019,0.0173,0.0173,0.0183,11X11TA,8/30/2019,Recycled,PreEDM,FALSE,8,5,R
Rh6,0.4169,0.4524,0.0538,0.2681,0.0166,0.0172,0.0166,0.0178,11X11TA,8/30/2019,Recycled,PreEDM,FALSE,8,6,R
Rh7,0.416,0.4515,0.0536,0.2671,0.0167,0.0174,0.0171,0.0174,11X11TA,8/30/2019,Recycled,PreEDM,FALSE,8,7,R
Rh8,0.4167,0.4509,0.0538,0.2663,0.0163,0.0178,0.0163,0.0174,11X11TA,8/30/2019,Recycled,PreEDM,FALSE,8,8,R
Rh9,0.417,0.451,0.0527,0.2665,0.0167,0.017,0.0154,0.0175,11X11TA,8/30/2019,Recycled,PreEDM,FALSE,8,9,R
Rh10,0.4171,0.451,0.0527,0.2656,0.0154,0.0173,0.0152,0.0192,11X11TA,8/30/2019,Recycled,PreEDM,FALSE,8,10,R
Rh11,0.4168,0.4508,0.0513,0.2656,0.0147,0.0195,0.0159,0.0176,11X11TA,8/30/2019,Recycled,PreEDM,FALSE,8,11,R
Ri1,0.4153,0.4524,0.0542,0.2673,0.0192,0.0186,0.02,0.0175,11X11TA,8/30/2019,Recycled,PreEDM,FALSE,9,1,R
Ri2,0.4153,0.4527,0.0545,0.2674,0.0187,0.0172,0.0189,0.0186,11X11TA,8/30/2019,Recycled,PreEDM,FALSE,9,2,R
Ri3,0.4152,0.4516,0.0548,0.2679,0.0173,0.0182,0.0182,0.0181,11X11TA,8/30/2019,Recycled,PreEDM,FALSE,9,3,R
Ri4,0.4156,0.4514,0.0549,0.2677,0.0176,0.0182,0.0176,0.0178,11X11TA,8/30/2019,Recycled,PreEDM,FALSE,9,4,R
Ri5,0.4155,0.4517,0.0541,0.268,0.0176,0.0182,0.0172,0.0187,11X11TA,8/30/2019,Recycled,PreEDM,FALSE,9,5,R
Ri6,0.415,0.4514,0.0543,0.2676,0.0161,0.0175,0.0175,0.0178,11X11TA,8/30/2019,Recycled,PreEDM,FALSE,9,6,R
Ri7,0.4158,0.4509,0.0542,0.2684,0.0155,0.0178,0.0167,0.0184,11X11TA,8/30/2019,Recycled,PreEDM,FALSE,9,7,R
Ri8,0.4157,0.4506,0.0534,0.2667,0.0155,0.018,0.0152,0.0191,11X11TA,8/30/2019,Recycled,PreEDM,TRUE,9,8,R
Ri9,0.4163,0.4511,0.0537,0.267,0.0154,0.0199,0.0158,0.0178,11X11TA,8/30/2019,Recycled,PreEDM,FALSE,9,9,R
Ri10,0.4159,0.4514,0.0526,0.2661,0.0159,0.0183,0.0159,0.0183,11X11TA,8/30/2019,Recycled,PreEDM,FALSE,9,10,R
Ri11,0.4162,0.4517,0.052,0.2655,0.0155,0.0187,0.015,0.0174,11X11TA,8/30/2019,Recycled,PreEDM,FALSE,9,11,R
RJ1,0.416,0.4528,0.0547,0.267,0.0191,0.0206,0.0187,0.0187,11X11TA,8/30/2019,Recycled,PreEDM,FALSE,10,1,R
RJ3,0.4158,0.4524,0.0543,0.268,0.018,0.0184,0.0177,0.0181,11X11TA,8/30/2019,Recycled,PreEDM,FALSE,10,3,R
RJ4,0.4147,0.4515,0.0542,0.2672,0.0164,0.0192,0.0175,0.0184,11X11TA,8/30/2019,Recycled,PreEDM,FALSE,10,4,R
RJ5,0.4155,0.4513,0.0541,0.2677,0.0177,0.0178,0.0164,0.0188,11X11TA,8/30/2019,Recycled,PreEDM,FALSE,10,5,R
RJ7,0.4158,0.452,0.054,0.2674,0.016,0.0193,0.0159,0.0191,11X11TA,8/30/2019,Recycled,PreEDM,FALSE,10,7,R
RJ8,0.4166,0.4515,0.0539,0.267,0.0156,0.0198,0.0161,0.0194,11X11TA,8/30/2019,Recycled,PreEDM,FALSE,10,8,R
RJ9,0.4158,0.4513,0.0539,0.2664,0.0153,0.0193,0.0163,0.0187,11X11TA,8/30/2019,Recycled,PreEDM,FALSE,10,9,R
RJ11,0.4156,0.452,0.0527,0.2654,0.0163,0.0185,0.0156,0.0187,11X11TA,8/30/2019,Recycled,PreEDM,FALSE,10,11,R
Rk1,0.415,0.453,0.0541,0.2669,0.0184,0.0187,0.0185,0.0188,11X11TA,8/30/2019,Recycled,PreEDM,FALSE,11,1,R
Rk2,0.4152,0.4513,0.0544,0.2678,0.0176,0.0178,0.0184,0.0191,11X11TA,8/30/2019,Recycled,PreEDM,FALSE,11,2,R
Rk3,0.4151,0.4531,0.0542,0.268,0.0181,0.0181,0.0181,0.0196,11X11TA,8/30/2019,Recycled,PreEDM,FALSE,11,3,R
Rk4,0.4161,0.4523,0.054,0.2671,0.017,0.0185,0.017,0.0187,11X11TA,8/30/2019,Recycled,PreEDM,FALSE,11,4,R
Rk5,0.4152,0.4517,0.0536,0.2674,0.0174,0.0189,0.0168,0.0178,11X11TA,8/30/2019,Recycled,PreEDM,FALSE,11,5,R
Rk6,0.4158,0.4524,0.054,0.2673,0.016,0.0193,0.016,0.0199,11X11TA,8/30/2019,Recycled,PreEDM,FALSE,11,6,R
Rk7,0.4143,0.4509,0.0541,0.2672,0.0172,0.019,0.0167,0.0187,11X11TA,8/30/2019,Recycled,PreEDM,FALSE,11,7,R
Rk8,0.4146,0.4512,0.0549,0.2669,0.0158,0.0181,0.0161,0.0189,11X11TA,8/30/2019,Recycled,PreEDM,FALSE,11,8,R
Rk9,0.416,0.4515,0.054,0.266,0.016,0.0184,0.0153,0.0203,11X11TA,8/30/2019,Recycled,PreEDM,FALSE,11,9,R
Rk10,0.4157,0.451,0.0536,0.2653,0.015,0.0197,0.0159,0.0196,11X11TA,8/30/2019,Recycled,PreEDM,FALSE,11,10,R
Rk11,0.4147,0.4509,0.0533,0.2653,0.0164,0.0206,0.0167,0.0202,11X11TA,8/30/2019,Recycled,PreEDM,FALSE,11,11,R
